Vis_12,Vis_120,Hv,Tp,Ip,Gc,Hgb,Occ
2.157368586,1.927939759,20,2.7724,13.457274,177,6.666666667,8.933333333
2.160770884,1.930371419,20.05005005,2.746,13.493014,177,6.683350017,8.955689022
2.164180684,1.932807671,20.1001001,2.746,13.493014,177,6.700033367,8.978044711
2.167598006,1.935248528,20.15015015,2.746,13.493014,177,6.716716717,9.0004004
2.171022872,1.937694001,20.2002002,2.746,13.493014,177,6.733400067,9.022756089
2.174455304,1.940144101,20.25025025,2.754,13.504333,181,6.750083417,9.045111778
2.177895322,1.94259884,20.3003003,2.754,13.504333,182,6.766766767,9.067467467
2.181342948,1.945058229,20.35035035,2.754,13.504333,182,6.783450117,9.089823156
2.184798204,1.947522282,20.4004004,2.792,13.399873,182,6.800133467,9.112178845
2.188261111,1.949991008,20.45045045,2.792,13.268459,182,6.816816817,9.134534534
2.191731692,1.952464421,20.5005005,2.792,13.268459,182,6.833500167,9.156890223
2.195209968,1.954942532,20.55055055,2.7845,13.268459,182,6.850183517,9.179245912
2.198695962,1.957425352,20.6006006,2.7377,12.252902,170,6.866866867,9.201601601
2.202189694,1.959912894,20.65065065,2.7377,12.252902,170,6.883550217,9.22395729
2.205691187,1.96240517,20.7007007,2.7377,12.252902,170,6.900233567,9.246312979
2.209200464,1.964902192,20.75075075,2.7377,12.252902,170,6.916916917,9.268668668
2.212717547,1.967403972,20.8008008,2.7377,12.252902,170,6.933600267,9.291024357
2.216242457,1.969910521,20.85085085,2.7377,12.252902,170,6.950283617,9.313380046
2.219775218,1.972421853,20.9009009,2.7377,12.252902,170,6.966966967,9.335735735
2.223315851,1.974937978,20.95095095,2.7663,11.511781,162,6.983650317,9.358091424
2.22686438,1.97745891,21.001001,2.7663,11.511781,162,7.000333667,9.380447113
2.230420826,1.979984661,21.05105105,2.7179,11.401242,162,7.017017017,9.402802802
2.233985214,1.982515242,21.1011011,2.7491,11.663678,168,7.033700367,9.425158491
2.237557564,1.985050667,21.15115115,2.7551,11.663678,168,7.050383717,9.44751418
2.241137901,1.987590947,21.2012012,2.8147,12.010945,172,7.067067067,9.469869869
2.244726247,1.990136095,21.25125125,2.8893,11.905236,172,7.083750417,9.492225558
2.248322626,1.992686123,21.3013013,2.8299,10.560798,147,7.100433767,9.514581247
2.251927059,1.995241044,21.35135135,2.8277,10.195569,147,7.117117117,9.536936936
2.255539572,1.997800871,21.4014014,2.7522,10.318105,146,7.133800467,9.559292625
2.259160186,2.000365615,21.45145145,2.7522,10.318105,146,7.150483817,9.581648314
2.262788925,2.00293529,21.5015015,2.7798,10.27409,157,7.167167167,9.604004003
2.266425812,2.005509908,21.55155155,2.8493,10.552453,165,7.183850517,9.626359692
2.270070872,2.008089481,21.6016016,2.8493,10.552453,165,7.200533867,9.648715381
2.273724128,2.010674023,21.65165165,2.9191,11.570222,188,7.217217217,9.67107107
2.277385603,2.013263547,21.7017017,3.3287,13.703543,252,7.233900567,9.693426759
2.281055321,2.015858064,21.75175175,3.3328,13.703543,255,7.250583917,9.715782448
2.284733306,2.018457589,21.8018018,3.3262,13.501458,257,7.267267267,9.738138137
2.288419581,2.021062133,21.85185185,3.4239,14.320755,272,7.283950617,9.760493826
2.292114172,2.023671709,21.9019019,3.4334,14.68664,273,7.300633967,9.782849515
2.295817102,2.026286332,21.95195195,3.3764,15.153825,278,7.317317317,9.805205204
2.299528395,2.028906013,22.002002,3.4246,15.194707,283,7.334000667,9.827560893
2.303248076,2.031530765,22.05205205,3.4246,15.194707,282,7.350684017,9.849916582
2.306976168,2.034160602,22.1021021,3.4804,16.815466,299,7.367367367,9.872272271
2.310712697,2.036795538,22.15215215,3.4804,16.815466,299,7.384050717,9.89462796
2.314457687,2.039435584,22.2022022,3.4804,16.815466,299,7.400734067,9.916983649
2.318211162,2.042080754,22.25225225,3.5194,16.653908,299,7.417417417,9.939339338
2.321973147,2.044731062,22.3023023,3.5194,16.729978,306,7.434100767,9.961695027
2.325743667,2.047386521,22.35235235,3.5532,16.863026,308,7.450784117,9.984050716
2.329522747,2.050047144,22.4024024,3.5532,16.863026,308,7.467467467,10.00640641
2.333310412,2.052712945,22.45245245,3.5532,16.863026,308,7.484150817,10.02876209
2.337106687,2.055383936,22.5025025,3.5532,16.863026,308,7.500834167,10.05111778
2.340911596,2.058060132,22.55255255,3.5502,16.774298,306,7.517517517,10.07347347
2.344725166,2.060741546,22.6026026,3.5792,16.717135,306,7.534200867,10.09582916
2.348547422,2.063428191,22.65265265,3.6318,16.585828,308,7.550884217,10.11818485
2.352378388,2.066120081,22.7027027,3.629,16.578648,308,7.567567567,10.14054054
2.356218091,2.06881723,22.75275275,3.629,16.578648,308,7.584250917,10.16289623
2.360066557,2.071519652,22.8028028,3.5727,16.704235,308,7.600934267,10.18525192
2.36392381,2.07422736,22.85285285,3.5682,16.672702,302,7.617617617,10.20760761
2.367789876,2.076940367,22.9029029,3.6726,16.645868,302,7.634300967,10.2299633
2.371664783,2.079658689,22.95295295,3.6726,16.645868,302,7.650984317,10.25231898
2.375548554,2.082382338,23.003003,3.6726,16.645868,302,7.667667667,10.27467467
2.379441218,2.085111328,23.05305305,3.6726,16.632057,306,7.684351017,10.29703036
2.383342798,2.087845675,23.1031031,3.6726,16.632057,306,7.701034367,10.31938605
2.387253323,2.09058539,23.15315315,3.6306,16.632057,306,7.717717717,10.34174174
2.391172818,2.09333049,23.2032032,3.6306,16.632057,306,7.734401067,10.36409743
2.39510131,2.096080986,23.25325325,3.6306,16.632057,306,7.751084417,10.38645312
2.399038825,2.098836895,23.3033033,3.6306,16.632057,306,7.767767767,10.40880881
2.402985391,2.10159823,23.35335335,3.6287,16.625457,306,7.784451117,10.4311645
2.406941032,2.104365005,23.4034034,3.6295,16.615097,306,7.801134467,10.45352019
2.410905777,2.107137234,23.45345345,3.629,16.615097,306,7.817817817,10.47587587
2.414879653,2.109914933,23.5035035,3.7301,16.805908,315,7.834501167,10.49823156
2.418862686,2.112698114,23.55355355,3.7301,16.805908,315,7.851184517,10.52058725
2.422854904,2.115486794,23.6036036,3.7301,16.805908,315,7.867867867,10.54294294
2.426856333,2.118280985,23.65365365,3.7319,16.765631,315,7.884551217,10.56529863
2.430867001,2.121080703,23.7037037,3.7319,16.952662,321,7.901234567,10.58765432
2.434886936,2.123885963,23.75375375,3.9688,19.639107,391,7.917917917,10.61001001
2.438916165,2.126696778,23.8038038,4.0334,20.340613,421,7.934601267,10.6323657
2.442954715,2.129513163,23.85385385,4.4335,21.679025,453,7.951284617,10.65472139
2.447002615,2.132335134,23.9039039,4.4335,21.600705,453,7.967967967,10.67707708
2.451059892,2.135162705,23.95395395,4.4335,21.600705,453,7.984651317,10.69943276
2.455126574,2.13799589,24.004004,4.4335,21.680226,453,8.001334667,10.72178845
2.459202689,2.140834706,24.05405405,4.4469,21.680226,456,8.018018017,10.74414414
2.463288265,2.143679165,24.1041041,4.4469,21.680226,456,8.034701367,10.76649983
2.467383331,2.146529285,24.15415415,4.5906,21.925434,466,8.051384717,10.78885552
2.471487914,2.149385079,24.2042042,4.5906,21.925434,466,8.068068067,10.81121121
2.475602043,2.152246562,24.25425425,4.5906,21.998794,466,8.084751417,10.8335669
2.479725747,2.15511375,24.3043043,4.5906,21.998794,466,8.101434767,10.85592259
2.483859055,2.157986658,24.35435435,4.5906,22.151582,466,8.118118117,10.87827828
2.488001995,2.160865301,24.4044044,4.5906,22.151582,470,8.134801467,10.90063397
2.492154595,2.163749694,24.45445445,4.5817,21.86935311,470,8.151484817,10.92298965
2.496316885,2.166639853,24.5045045,4.5751,22.11954711,470,8.168168167,10.94534534
2.500488895,2.169535792,24.55455455,4.5751,22.11954711,470,8.184851517,10.96770103
2.504670652,2.172437528,24.6046046,4.5751,22.11954711,470,8.201534867,10.99005672
2.508862187,2.175345076,24.65465465,4.5507,21.74712822,462,8.218218217,11.01241241
2.513063528,2.178258451,24.7047047,4.5507,21.74712822,462,8.234901567,11.0347681
2.517274706,2.18117767,24.75475475,4.4431,20.69189944,446,8.251584917,11.05712379
2.521495749,2.184102746,24.8048048,4.4562,20.69189944,446,8.268268267,11.07947948
2.525726688,2.187033697,24.85485485,4.3776,20.73528244,446,8.284951617,11.10183517
2.529967553,2.189970538,24.9049049,4.3776,20.73528244,446,8.301634967,11.12419086
2.534218372,2.192913284,24.95495495,4.3776,20.73528244,446,8.318318317,11.14654654
2.538479177,2.195861952,25.00500501,4.3776,20.73528244,446,8.33500167,11.16890224
2.542749997,2.198816558,25.05505506,4.3776,20.73528244,446,8.35168502,11.19125793
2.547030863,2.201777116,25.10510511,4.4406,19.78048344,436,8.36836837,11.21361362
2.551321805,2.204743644,25.15515516,4.4406,19.78048344,436,8.38505172,11.2359693
2.555622854,2.207716158,25.20520521,4.4406,19.78048344,436,8.40173507,11.25832499
2.559934039,2.210694673,25.25525526,4.4406,19.78048344,436,8.41841842,11.28068068
2.564255393,2.213679205,25.30530531,4.4406,19.78048344,436,8.43510177,11.30303637
2.568586945,2.216669771,25.35535536,4.4337,19.63372744,427,8.45178512,11.32539206
2.572928727,2.219666387,25.40540541,4.4245,19.50066944,426,8.46846847,11.34774775
2.577280769,2.22266907,25.45545546,4.4245,19.50066944,426,8.48515182,11.37010344
2.581643103,2.225677835,25.50550551,4.3525,19.27527444,400,8.50183517,11.39245913
2.58601576,2.2286927,25.55555556,4.3132,19.10822556,396.7,8.51851852,11.41481482
2.590398772,2.23171368,25.60560561,4.222,18.94501156,378.7,8.53520187,11.43717051
2.594792169,2.234740792,25.65565566,4.222,18.94501156,378.7,8.55188522,11.45952619
2.599195985,2.237774053,25.70570571,4.1729,18.297536,368.8,8.56856857,11.48188188
2.603610249,2.240813479,25.75575576,4.1729,18.297536,368.8,8.58525192,11.50423757
2.608034995,2.243859088,25.80580581,3.9852,18.10915811,330.5,8.60193527,11.52659326
2.612470254,2.246910895,25.85585586,3.8403,18.07806911,327.5,8.61861862,11.54894895
2.616916058,2.249968918,25.90590591,3.8403,18.07806911,327.5,8.63530197,11.57130464
2.621372439,2.253033173,25.95595596,3.8403,18.07806911,327.5,8.65198532,11.59366033
2.625839431,2.256103678,26.00600601,3.8354,17.97884711,327.5,8.66866867,11.61601602
2.630317065,2.259180449,26.05605606,3.822,17.88377311,327.5,8.68535202,11.63837171
2.634805373,2.262263504,26.10610611,3.815,17.86213711,327.5,8.70203537,11.6607274
2.63930439,2.26535286,26.15615616,3.8258,17.82638111,327.5,8.71871872,11.68308308
2.643814146,2.268448533,26.20620621,3.8215,17.49844911,327.5,8.73540207,11.70543877
2.648334676,2.271550541,26.25625626,3.8215,17.49844911,327.5,8.75208542,11.72779446
2.652866013,2.274658902,26.30630631,3.8323,17.09510111,324.2,8.76876877,11.75015015
2.657408189,2.277773631,26.35635636,3.8323,17.09510111,324.2,8.78545212,11.77250584
2.661961238,2.280894748,26.40640641,3.8323,17.09510111,323.2,8.80213547,11.79486153
2.666525194,2.28402227,26.45645646,3.8323,16.79041711,319.9,8.81881882,11.81721722
2.671100089,2.287156213,26.50650651,3.8323,16.79041711,319.9,8.83550217,11.83957291
2.675685959,2.290296596,26.55655656,3.8323,16.79041711,319.9,8.85218552,11.8619286
2.680282835,2.293443436,26.60660661,3.7835,16.79041711,307,8.86886887,11.88428429
2.684890754,2.296596751,26.65665666,3.7083,15.89539178,293.8,8.88555222,11.90663997
2.689509747,2.299756558,26.70670671,3.5713,12.03912577,255.9,8.90223557,11.92899566
2.694139851,2.302922876,26.75675676,3.5713,12.03912577,255.9,8.91891892,11.95135135
2.698781099,2.306095722,26.80680681,3.5713,12.03912577,255.9,8.93560227,11.97370704
2.703433525,2.309275115,26.85685686,3.5713,12.03912577,255.9,8.95228562,11.99606273
2.708097164,2.312461071,26.90690691,3.5713,12.03912577,255.9,8.96896897,12.01841842
2.712772052,2.31565361,26.95695696,3.5528,12.03912577,254.9,8.98565232,12.04077411
2.717458222,2.318852749,27.00700701,3.5436,12.03912577,254.9,9.00233567,12.0631298
2.72215571,2.322058507,27.05705706,3.5436,12.03912577,254.9,9.01901902,12.08548549
2.726864551,2.325270902,27.10710711,3.5226,11.97692577,249.9,9.03570237,12.10784118
2.731584779,2.328489952,27.15715716,3.4994,11.65080177,246.9,9.05238572,12.13019686
2.736316432,2.331715675,27.20720721,3.4322,11.55647377,225.7,9.06906907,12.15255255
2.741059544,2.33494809,27.25725726,3.4322,11.55647377,225.7,9.08575242,12.17490824
2.74581415,2.338187216,27.30730731,3.4322,11.55647377,225.7,9.10243577,12.19726393
2.750580287,2.341433071,27.35735736,3.4022,11.21603377,217.1,9.11911912,12.21961962
2.75535799,2.344685674,27.40740741,3.4022,10.881936,217.8,9.13580247,12.24197531
2.760147296,2.347945043,27.45745746,3.4022,10.881936,217.8,9.15248582,12.264331
2.764948241,2.351211197,27.50750751,3.461,11.31707177,219.1,9.16916917,12.28668669
2.769760861,2.354484155,27.55755756,3.461,11.31707177,219.1,9.18585252,12.30904238
2.774585192,2.357763935,27.60760761,3.461,11.31707177,219.1,9.20253587,12.33139807
2.779421272,2.361050558,27.65765766,3.2932,10.91397177,210.1,9.21921922,12.35375375
2.784269137,2.364344041,27.70770771,3.127,10.448252,196.9,9.23590257,12.37610944
2.789128824,2.367644405,27.75775776,3.127,10.448252,196.9,9.25258592,12.39846513
2.794000369,2.370951667,27.80780781,3.127,10.448252,196.9,9.26926927,12.42082082
2.798883811,2.374265848,27.85785786,3.127,10.448252,196.9,9.28595262,12.44317651
2.803779186,2.377586966,27.90790791,3.127,10.448252,196.9,9.30263597,12.4655322
2.808686532,2.380915041,27.95795796,3.127,10.448252,196.9,9.31931932,12.48788789
2.813605887,2.384250092,28.00800801,3.077,9.675691996,180.8,9.33600267,12.51024358
2.818537288,2.387592139,28.05805806,3.077,9.675691996,180.8,9.35268602,12.53259927
2.823480774,2.390941202,28.10810811,3.077,9.675691996,180.8,9.36936937,12.55495496
2.828436381,2.3942973,28.15815816,3.0586,9.533415552,178.7,9.38605272,12.57731064
2.83340415,2.397660452,28.20820821,3.0586,9.533415552,178.7,9.40273607,12.59966633
2.838384117,2.401030679,28.25825826,3.0586,9.533415552,178.7,9.41941942,12.62202202
2.843376321,2.404408,28.30830831,3.0618,9.424735775,178.7,9.43610277,12.64437771
2.848380802,2.407792435,28.35835836,3.0618,9.424735775,178.7,9.45278612,12.6667334
2.853397597,2.411184004,28.40840841,3.0618,9.424735775,178.7,9.46946947,12.68908909
2.858426746,2.414582728,28.45845846,3.0618,9.424735775,178.7,9.48615282,12.71144478
2.863468288,2.417988626,28.50850851,3.0746,9.424735775,180,9.50283617,12.73380047
2.868522262,2.421401718,28.55855856,3.0746,9.424735775,180,9.51951952,12.75615616
2.873588707,2.424822025,28.60860861,3.0746,9.332783775,178,9.53620287,12.77851185
2.878667664,2.428249568,28.65865866,3.0746,9.332783775,178,9.55288622,12.80086753
2.883759171,2.431684365,28.70870871,2.8882,8.988318442,167.9,9.56956957,12.82322322
2.888863269,2.435126439,28.75875876,2.9326,9.471719776,177.8,9.58625292,12.84557891
2.893979997,2.438575809,28.80880881,2.9326,9.499851665,177.8,9.60293627,12.8679346
2.899109396,2.442032496,28.85885886,2.8058,7.309897109,133.4,9.61961962,12.89029029
2.904251507,2.445496521,28.90890891,2.8002,7.654399109,131.4,9.63630297,12.91264598
2.909406368,2.448967905,28.95895896,2.8002,7.654399109,131.4,9.65298632,12.93500167
2.914574023,2.452446668,29.00900901,2.8002,7.682530998,131.7,9.66966967,12.95735736
2.91975451,2.455932831,29.05905906,2.8002,7.682530998,131.7,9.68635302,12.97971305
2.924947871,2.459426416,29.10910911,2.8226,7.840391665,134.5,9.70303637,13.00206874
2.930154147,2.462927442,29.15915916,2.8226,7.840391665,134.5,9.71971972,13.02442442
2.93537338,2.466435933,29.20920921,2.809,7.836723665,134.5,9.73640307,13.04678011
2.94060561,2.469951908,29.25925926,2.9626,8.895384554,147.1,9.75308642,13.0691358
2.94585088,2.473475388,29.30930931,2.9368,8.519969443,137.5,9.76976977,13.09149149
2.951109231,2.477006396,29.35935936,2.9676,8.494600555,138.8,9.78645312,13.11384718
2.956380705,2.480544953,29.40940941,2.9632,8.485397115,138.6,9.80313647,13.13620287
2.961665345,2.48409108,29.45945946,2.9632,8.453863115,141.9,9.81981982,13.15855856
2.966963191,2.487644799,29.50950951,2.9632,8.453863115,141.9,9.83650317,13.18091425
2.972274288,2.491206131,29.55955956,2.942,8.261349115,141.9,9.85318652,13.20326994
2.977598677,2.494775099,29.60960961,3.0306,8.508246115,149.5,9.86986987,13.22562563
2.982936402,2.498351724,29.65965966,3.0306,8.508246115,149.5,9.88655322,13.24798131
2.988287504,2.501936027,29.70970971,3.0086,8.481834115,147.8,9.90323657,13.270337
2.993652028,2.505528031,29.75975976,3.0086,8.483636115,144.8,9.91991992,13.29269269
2.999030016,2.509127759,29.80980981,3.0086,8.483636115,144.8,9.93660327,13.31504838
3.004421512,2.512735231,29.85985986,3.047,8.613301004,143.8,9.95328662,13.33740407
3.00982656,2.516350471,29.90990991,3.047,8.773361004,143.8,9.96996997,13.35975976
3.015245203,2.5199735,29.95995996,3.047,8.726396004,139.8,9.98665332,13.38211545
3.020677485,2.523604341,30.01001001,3.0558,8.683666004,139.8,10.00333667,13.40447114
3.02612345,2.527243016,30.06006006,2.9546,8.510023004,125.8,10.02002002,13.42682683
3.031583143,2.530889549,30.11011011,2.9582,8.465001004,124.8,10.03670337,13.44918252
3.037056609,2.534543961,30.16016016,2.971,8.620664782,126.4,10.05338672,13.4715382
3.042543891,2.538206275,30.21021021,2.695,7.644952782,111,10.07007007,13.49389389
3.048045035,2.541876514,30.26026026,2.695,7.628454782,111,10.08675342,13.51624958
3.053560085,2.545554701,30.31031031,2.695,7.628454782,111,10.10343677,13.53860527
3.059089087,2.549240858,30.36036036,2.695,7.628454782,111,10.12012012,13.56096096
3.064632086,2.55293501,30.41041041,2.7438,7.628454782,111,10.13680347,13.58331665
3.070189128,2.556637178,30.46046046,2.7438,7.627336302,110.6,10.15348682,13.60567234
3.075760259,2.560347387,30.51051051,2.7438,7.522466302,110.6,10.17017017,13.62802803
3.081345523,2.564065659,30.56056056,2.7438,7.57873008,111.2,10.18685352,13.65038372
3.086944969,2.567792017,30.61061061,2.7107,7.88942172,115,10.20353687,13.67273941
3.09255864,2.571526486,30.66066066,2.7057,7.88942172,116.3,10.22022022,13.69509509
3.098186585,2.575269088,30.71071071,2.7057,7.88942172,116.3,10.23690357,13.71745078
3.10382885,2.579019848,30.76076076,2.7057,7.88395172,116.3,10.25358692,13.73980647
3.109485481,2.582778788,30.81081081,2.7354,8.36193272,122.3,10.27027027,13.76216216
3.115156526,2.586545934,30.86086086,2.7354,8.36193272,122.3,10.28695362,13.78451785
3.120842032,2.590321308,30.91091091,2.7761,9.95514612,146.5,10.30363697,13.80687354
3.126542046,2.594104934,30.96096096,2.7761,9.95514612,146.5,10.32032032,13.82922923
3.132256615,2.597896838,31.01101101,2.7761,9.95147812,146.5,10.33700367,13.85158492
3.137985788,2.601697042,31.06106106,2.6783,10.03154812,143.5,10.35368702,13.87394061
3.143729613,2.60550557,31.11111111,2.5641,9.88058776,141,10.37037037,13.8962963
3.149488137,2.609322449,31.16116116,2.6065,10.57016812,148.5,10.38705372,13.91865198
3.15526141,2.613147701,31.21121121,2.6065,10.57016812,148.5,10.40373707,13.94100767
3.161049479,2.616981351,31.26126126,2.6065,10.57331716,147,10.42042042,13.96336336
3.166852393,2.620823423,31.31131131,2.5675,10.37511672,137,10.43710377,13.98571905
3.172670201,2.624673943,31.36136136,2.5675,10.37511672,137,10.45378712,14.00807474
3.178502953,2.628532936,31.41141141,2.5675,10.37511672,137,10.47047047,14.03043043
3.184350697,2.632400425,31.46146146,2.5456,10.31537472,134,10.48715382,14.05278612
3.190213484,2.636276436,31.51151151,2.5326,10.29754572,134,10.50383717,14.07514181
3.196091363,2.640160994,31.56156156,2.5326,10.31242772,134,10.52052052,14.0974975
3.201984383,2.644054125,31.61161161,2.5196,10.30054172,134,10.53720387,14.11985319
3.207892596,2.647955852,31.66166166,2.516,10.16642672,134,10.55388722,14.14220887
3.213816051,2.651866202,31.71171171,2.5201,9.04434688,122,10.57057057,14.16456456
3.219754798,2.6557852,31.76176176,2.5477,9.04434688,122,10.58725392,14.18692025
3.22570889,2.659712872,31.81181181,2.5477,9.03710388,122,10.60393727,14.20927594
3.231678376,2.663649242,31.86186186,2.5333,9.02935588,122,10.62062062,14.23163163
3.237663307,2.667594337,31.91191191,2.5333,9.02935588,122,10.63730397,14.25398732
3.243663736,2.671548183,31.96196196,2.5369,9.05453436,123,10.65398732,14.27634301
3.249679713,2.675510805,32.01201201,2.7888,9.50639336,149.5,10.67067067,14.2986987
3.255711291,2.67948223,32.06206206,2.7888,9.50639336,149.5,10.68735402,14.32105439
3.261758521,2.683462482,32.11211211,2.8314,9.18224736,151.5,10.70403737,14.34341008
3.267821456,2.68745159,32.16216216,2.8314,9.18186936,151.5,10.72072072,14.36576576
3.273900148,2.691449578,32.21221221,2.817,9.07833136,148.5,10.73740407,14.38812145
3.279994649,2.695456473,32.26226226,2.817,9.07833136,148.5,10.75408742,14.41047714
3.286105014,2.699472302,32.31231231,2.8464,9.2901592,154,10.77077077,14.43283283
3.292231293,2.703497091,32.36236236,2.7846,8.4299092,137,10.78745412,14.45518852
3.298373542,2.707530867,32.41241241,2.8256,8.4902592,140,10.80413747,14.47754421
3.304531813,2.711573656,32.46246246,2.8568,8.3863992,139,10.82082082,14.4998999
3.31070616,2.715625486,32.51251251,2.8568,8.3863992,139,10.83750417,14.52225559
3.316896637,2.719686383,32.56256256,2.8358,8.3863992,143.5,10.85418752,14.54461128
3.323103298,2.723756374,32.61261261,2.8358,8.3863992,141.5,10.87087087,14.56696697
3.329326198,2.727835487,32.66266266,2.8358,8.3863992,141.5,10.88755422,14.58932265
3.33556539,2.731923749,32.71271271,2.7896,8.3863992,141.5,10.90423757,14.61167834
3.341820931,2.736021186,32.76276276,2.7748,8.32155624,140.5,10.92092092,14.63403403
3.348092875,2.740127828,32.81281281,3.0118,8.83185072,157.5,10.93760427,14.65638972
3.354381277,2.7442437,32.86286286,2.9542,8.85556072,157.5,10.95428762,14.67874541
3.360686193,2.748368831,32.91291291,2.9875,8.93764472,160.5,10.97097097,14.7011011
3.367007679,2.752503249,32.96296296,3.0157,9.08866172,166.5,10.98765432,14.72345679
3.37334579,2.756646981,33.01301301,3.0157,9.08866172,166.5,11.00433767,14.74581248
3.379700583,2.760800055,33.06306306,3.0573,9.15918572,170.5,11.02102102,14.76816817
3.386072113,2.7649625,33.11311311,3.0573,9.31132372,172.5,11.03770437,14.79052386
3.392460439,2.769134343,33.16316316,3.9045,9.85777272,202.5,11.05438772,14.81287954
3.398865616,2.773315613,33.21321321,3.9293,9.85777272,204.5,11.07107107,14.83523523
3.405287703,2.777506338,33.26326326,3.9809,10.1550712,207.5,11.08775442,14.85759092
3.411726755,2.781706548,33.31331331,4.0499,10.9285782,236,11.10443777,14.87994661
3.418182831,2.785916269,33.36336336,4.0499,10.9213352,236,11.12112112,14.9023023
3.424655989,2.790135532,33.41341341,4.0523,10.7917272,236,11.13780447,14.92465799
3.431146287,2.794364364,33.46346346,4.4205,12.16141116,264.5,11.15448782,14.94701368
3.437653782,2.798602795,33.51351351,4.4452,12.55486012,265.5,11.17117117,14.96936937
3.444178535,2.802850855,33.56356356,4.4867,12.43177012,263.5,11.18785452,14.99172506
3.450720602,2.807108571,33.61361361,4.4867,12.40889212,263.5,11.20453787,15.01408075
3.457280045,2.811375973,33.66366366,4.4867,12.40889212,260.5,11.22122122,15.03643643
3.463856921,2.815653091,33.71371371,4.4867,12.40889212,260.5,11.23790457,15.05879212
3.47045129,2.819939954,33.76376376,4.4883,12.39715612,260.5,11.25458792,15.08114781
3.477063212,2.824236592,33.81381381,4.5181,12.43462808,258.5,11.27127127,15.1035035
3.483692748,2.828543034,33.86386386,4.4205,12.45081608,258.5,11.28795462,15.12585919
3.490339957,2.832859311,33.91391391,4.4205,12.52635152,256.5,11.30463797,15.14821488
3.497004901,2.837185452,33.96396396,4.4205,12.52635152,256.5,11.32132132,15.17057057
3.503687639,2.841521486,34.01401401,4.4205,12.52635152,256.5,11.33800467,15.19292626
3.510388233,2.845867446,34.06406406,4.4205,12.52635152,256.5,11.35468802,15.21528195
3.517106744,2.85022336,34.11411411,4.4205,12.16172152,251.5,11.37137137,15.23763764
3.523843235,2.854589258,34.16416416,4.3856,12.16172152,250.5,11.38805472,15.25999332
3.530597765,2.858965173,34.21421421,4.3447,11.95436352,246.5,11.40473807,15.28234901
3.537370399,2.863351133,34.26426426,4.3382,11.98446352,246.5,11.42142142,15.3047047
3.544161198,2.867747171,34.31431431,4.3382,11.98446352,246.5,11.43810477,15.32706039
3.550970224,2.872153316,34.36436436,4.3382,11.98446352,246.5,11.45478812,15.34941608
3.557797541,2.8765696,34.41441441,4.3382,11.98446352,246.5,11.47147147,15.37177177
3.564643212,2.880996054,34.46446446,4.3638,12.05691352,256.5,11.48815482,15.39412746
3.5715073,2.885432709,34.51451451,4.3347,12.04604652,256.5,11.50483817,15.41648315
3.578389869,2.889879596,34.56456456,4.2943,12.12688552,262.5,11.52152152,15.43883884
3.585290983,2.894336747,34.61461461,4.2943,12.12688552,264.5,11.53820487,15.46119453
3.592210705,2.898804193,34.66466466,4.3679,12.78899352,280.5,11.55488822,15.48355021
3.599149101,2.903281967,34.71471471,4.3679,12.78899352,280.5,11.57157157,15.5059059
3.606106236,2.907770099,34.76476476,4.3615,12.78899352,278.5,11.58825492,15.52826159
3.613082174,2.912268622,34.81481481,4.3819,13.08719452,286.5,11.60493827,15.55061728
3.62007698,2.916777568,34.86486486,4.3819,13.23781652,289,11.62162162,15.57297297
3.627090721,2.92129697,34.91491491,4.3819,13.23781652,289,11.63830497,15.59532866
3.634123462,2.925826858,34.96496496,4.3819,13.23781652,289,11.65498832,15.61768435
3.641175269,2.930367267,35.01501502,4.3623,13.20506452,287,11.67167167,15.64004004
3.648246208,2.934918228,35.06506507,4.3623,13.16961452,284,11.68835502,15.66239573
3.655336347,2.939479774,35.11511512,4.3623,13.16961452,284,11.70503837,15.68475142
3.662445753,2.944051937,35.16516517,4.3575,13.12542352,280,11.72172172,15.70710711
3.669574492,2.948634752,35.21521522,4.3583,13.03164552,280,11.73840507,15.7294628
3.676722633,2.953228251,35.26526527,4.3583,13.03164552,279,11.75508842,15.75181849
3.683890243,2.957832466,35.31531532,4.3583,13.03164552,279,11.77177177,15.77417418
3.691077389,2.962447432,35.36536537,4.3482,12.98794552,273,11.78845512,15.79652987
3.698284142,2.967073182,35.41541542,4.401,13.20359552,275,11.80513847,15.81888555
3.705510569,2.97170975,35.46546547,4.4858,13.77291352,295,11.82182182,15.84124124
3.71275674,2.976357169,35.51551552,4.4786,13.53697452,287,11.83850517,15.86359693
3.720022724,2.981015472,35.56556557,4.4828,13.60337452,287,11.85518852,15.88595262
3.72730859,2.985684695,35.61561562,4.5088,13.61267452,287,11.87187187,15.90830831
3.734614408,2.990364871,35.66566567,4.5616,14.131342,297,11.88855522,15.930664
3.741940249,2.995056034,35.71571572,4.565,14.021976,295,11.90523857,15.95301969
3.749286183,2.999758219,35.76576577,4.565,14.021976,295,11.92192192,15.97537538
3.756652281,3.00447146,35.81581582,4.565,14.021976,295,11.93860527,15.99773107
3.764038614,3.009195792,35.86586587,4.565,14.021976,297,11.95528862,16.02008676
3.771445254,3.01393125,35.91591592,4.565,14.021976,297,11.97197197,16.04244244
3.778872272,3.018677868,35.96596597,4.5671,14.204209,298,11.98865532,16.06479813
3.786319741,3.023435683,36.01601602,4.5671,14.204209,298,12.00533867,16.08715382
3.793787732,3.028204727,36.06606607,4.5671,14.204209,298,12.02202202,16.10950951
3.801276318,3.032985039,36.11611612,4.5743,14.152314,297,12.03870537,16.1318652
3.808785573,3.037776652,36.16616617,4.5743,14.152314,297,12.05538872,16.15422089
3.81631557,3.042579602,36.21621622,4.5763,14.06749,297,12.07207207,16.17657658
3.823866382,3.047393925,36.26626627,4.5728,13.869333,291.5,12.08875542,16.19893227
3.831438084,3.052219657,36.31631632,4.5936,13.71789,290.5,12.10543877,16.22128796
3.839030749,3.057056834,36.36636637,4.6216,13.683573,290.5,12.12212212,16.24364365
3.846644452,3.061905492,36.41641642,4.6216,13.683573,290.5,12.13880547,16.26599933
3.854279269,3.066765668,36.46646647,4.6244,13.673793,289.5,12.15548882,16.28835502
3.861935273,3.071637398,36.51651652,4.5914,13.671411,288.5,12.17217217,16.31071071
3.869612542,3.076520718,36.56656657,4.5914,13.671411,288.5,12.18885552,16.3330664
3.877311151,3.081415665,36.61661662,4.623,13.521914,288.5,12.20553887,16.35542209
3.885031176,3.086322277,36.66666667,4.623,13.521914,288.5,12.22222222,16.37777778
3.892772693,3.09124059,36.71671672,4.623,13.521914,288.5,12.23890557,16.40013347
3.90053578,3.096170641,36.76676677,4.623,13.521914,288.5,12.25558892,16.42248916
3.908320514,3.101112468,36.81681682,4.623,13.521914,288.5,12.27227227,16.44484485
3.916126972,3.106066108,36.86686687,4.623,13.521914,288.5,12.28895562,16.46720054
3.923955233,3.1110316,36.91691692,4.651,13.499036,288.5,12.30563897,16.48955622
3.931805374,3.11600898,36.96696697,4.6567,12.669037,267,12.32232232,16.51191191
3.939677474,3.120998286,37.01701702,4.6559,12.587637,267,12.33900567,16.5342676
3.947571612,3.125999557,37.06706707,4.6559,12.587637,267,12.35568902,16.55662329
3.955487868,3.131012832,37.11711712,4.6411,12.541344,267,12.37237237,16.57897898
3.963426321,3.136038147,37.16716717,4.5435,12.41659,265,12.38905572,16.60133467
3.971387051,3.141075543,37.21721722,4.5545,12.41659,265,12.40573907,16.62369036
3.979370139,3.146125057,37.26726727,4.5537,12.385625,265,12.42242242,16.64604605
3.987375664,3.151186728,37.31731732,4.5537,12.326697,265,12.43910577,16.66840174
3.995403709,3.156260596,37.36736737,4.5537,11.98083,262.5,12.45578912,16.69075743
4.003454354,3.1613467,37.41741742,4.5537,11.98083,262.5,12.47247247,16.71311311
4.011527682,3.166445078,37.46746747,4.5297,11.959096,262.5,12.48915582,16.7354688
4.019623774,3.171555771,37.51751752,4.5297,11.959096,262.5,12.50583917,16.75782449
4.027742714,3.176678819,37.56756757,4.5297,11.959096,262.5,12.52252252,16.78018018
4.035884583,3.18181426,37.61761762,4.5297,11.959096,262.5,12.53920587,16.80253587
4.044049465,3.186962135,37.66766767,4.5297,11.959096,262.5,12.55588922,16.82489156
4.052237444,3.192122483,37.71771772,4.4565,11.914541,262.5,12.57257257,16.84724725
4.060448604,3.197295347,37.76776777,4.4565,11.914541,262.5,12.58925592,16.86960294
4.068683028,3.202480765,37.81781782,4.4565,11.948096,262.5,12.60593927,16.89195863
4.076940803,3.207678778,37.86786787,4.4565,11.948096,260,12.62262262,16.91431432
4.085222012,3.212889427,37.91791792,4.4565,11.948096,260,12.63930597,16.93667
4.093526742,3.218112754,37.96796797,4.4369,11.597417,255,12.65598932,16.95902569
4.101855078,3.223348798,38.01801802,4.4369,11.597417,255,12.67267267,16.98138138
4.110207106,3.228597602,38.06806807,4.4369,11.597417,255,12.68935602,17.00373707
4.118582914,3.233859207,38.11811812,4.4369,11.597417,255,12.70603937,17.02609276
4.126982587,3.239133654,38.16816817,4.4369,11.597417,255,12.72272272,17.04844845
4.135406214,3.244420986,38.21821822,4.4369,11.597417,255,12.73940607,17.07080414
4.143853883,3.249721244,38.26826827,4.4369,11.597417,255,12.75608942,17.09315983
4.152325681,3.25503447,38.31831832,4.4369,11.597417,255,12.77277277,17.11551552
4.160821696,3.260360707,38.36836837,4.4369,11.597417,255,12.78945612,17.13787121
4.169342019,3.265699997,38.41841842,4.4369,11.493627,253,12.80613947,17.16022689
4.177886739,3.271052383,38.46846847,4.2569,11.575587,253,12.82282282,17.18258258
4.186455945,3.276417907,38.51851852,4.2609,11.490763,251,12.83950617,17.20493827
4.195049727,3.281796613,38.56856857,4.2689,11.409851,244,12.85618952,17.22729396
4.203668176,3.287188543,38.61861862,4.2689,11.319218,244,12.87287287,17.24964965
4.212311383,3.292593742,38.66866867,4.188,11.366648,246,12.88955622,17.27200534
4.220979439,3.298012252,38.71871872,4.1518,11.371221,250,12.90623957,17.29436103
4.229672437,3.303444117,38.76876877,4.134,11.343212,250,12.92292292,17.31671672
4.238390468,3.308889381,38.81881882,4.1408,11.299602,248,12.93960627,17.33907241
4.247133626,3.314348089,38.86886887,4.1408,11.571167,248,12.95628962,17.3614281
4.255902002,3.319820284,38.91891892,4.1408,11.571167,247,12.97297297,17.38378378
4.264695692,3.325306011,38.96896897,4.1822,11.519899,247,12.98965632,17.40613947
4.273514788,3.330805314,39.01901902,4.1546,10.832693,244,13.00633967,17.42849516
4.282359385,3.336318238,39.06906907,4.1546,10.832693,244,13.02302302,17.45085085
4.291229578,3.341844829,39.11911912,4.1546,10.832693,244,13.03970637,17.47320654
4.300125461,3.347385131,39.16916917,4.2094,10.50954,224,13.05638972,17.49556223
4.309047132,3.352939189,39.21921922,4.2094,10.50954,224,13.07307307,17.51791792
4.317994685,3.35850705,39.26926927,4.2094,10.50954,224,13.08975642,17.54027361
4.326968217,3.364088759,39.31931932,4.1644,9.876956,218,13.10643977,17.5626293
4.335967825,3.369684362,39.36936937,4.2049,9.770578,216,13.12312312,17.58498499
4.344993607,3.375293904,39.41941942,4.1939,9.770578,215,13.13980647,17.60734067
4.354045661,3.380917433,39.46946947,4.1939,9.770578,215,13.15648982,17.62969636
4.363124084,3.386554994,39.51951952,3.942,8.945216,195,13.17317317,17.65205205
4.372228975,3.392206635,39.56956957,3.942,8.945216,195,13.18985652,17.67440774
4.381360434,3.397872402,39.61961962,3.2305,6.439528,126.5,13.20653987,17.69676343
4.39051856,3.403552342,39.66966967,3.2674,6.446026,122.3,13.22322322,17.71911912
4.399703454,3.409246503,39.71971972,3.2674,6.446026,122.3,13.23990657,17.74147481
4.408915215,3.414954932,39.76976977,3.2674,6.446026,122.3,13.25658992,17.7638305
4.418153946,3.420677676,39.81981982,3.2674,6.446026,122.3,13.27327327,17.78618619
4.427419746,3.426414784,39.86986987,3.2674,6.446026,122.3,13.28995662,17.80854188
4.436712719,3.432166303,39.91991992,3.2674,6.446026,122.3,13.30663997,17.83089756
4.446032967,3.437932283,39.96996997,3.2674,6.446026,122.3,13.32332332,17.85325325
4.455380593,3.44371277,40.02002002,3.2674,6.446026,122.3,13.34000667,17.87560894
4.464755699,3.449507815,40.07007007,3.2674,6.446026,122.3,13.35669002,17.89796463
4.474158391,3.455317465,40.12012012,3.2674,6.574054,129.3,13.37337337,17.92032032
4.483588771,3.46114177,40.17017017,3.2842,6.627002,130.1,13.39005672,17.94267601
4.493046946,3.46698078,40.22022022,3.2842,6.627002,130.1,13.40674007,17.9650317
4.50253302,3.472834542,40.27027027,3.2842,6.627002,130.1,13.42342342,17.98738739
4.512047099,3.478703109,40.32032032,3.2842,6.627002,130.1,13.44010677,18.00974308
4.521589289,3.484586528,40.37037037,3.2842,6.627002,130.1,13.45679012,18.03209877
4.531159697,3.490484851,40.42042042,3.2842,6.627002,130.1,13.47347347,18.05445445
4.540758431,3.496398127,40.47047047,3.1927,6.708962,130.1,13.49015682,18.07681014
4.550385598,3.502326407,40.52052052,3.1927,6.708962,130.1,13.50684017,18.09916583
4.560041306,3.508269742,40.57057057,3.1927,6.708962,130.1,13.52352352,18.12152152
4.569725664,3.514228184,40.62062062,3.1332,6.709528,127.5,13.54020687,18.14387721
4.579438782,3.520201782,40.67067067,3.132,6.709528,127.5,13.55689022,18.1662329
4.589180769,3.526190588,40.72072072,3.1236,6.701459,127.5,13.57357357,18.18858859
4.598951735,3.532194655,40.77077077,3.0559,6.638869,121,13.59025692,18.21094428
4.608751791,3.538214033,40.82082082,3.0559,6.638869,121,13.60694027,18.23329997
4.618581049,3.544248776,40.87087087,3.0559,6.638869,121,13.62362362,18.25565566
4.628439621,3.550298934,40.92092092,3.0754,7.491006,125.7,13.64030697,18.27801134
4.638327618,3.556364561,40.97097097,3.0754,7.491006,125.7,13.65699032,18.30036703
4.648245154,3.56244571,41.02102102,3.0754,7.491006,125.7,13.67367367,18.32272272
4.658192342,3.568542433,41.07107107,3.0032,7.511534,124.6,13.69035702,18.34507841
4.668169296,3.574654783,41.12112112,3.0032,7.511534,124.6,13.70704037,18.3674341
4.67817613,3.580782814,41.17117117,3.0032,7.526053,124.6,13.72372372,18.38978979
4.68821296,3.58692658,41.22122122,3.0249,7.526941,123.2,13.74040707,18.41214548
4.698279902,3.593086134,41.27127127,3.0249,7.526941,123.2,13.75709042,18.43450117
4.70837707,3.599261531,41.32132132,2.9949,7.461425,123.2,13.77377377,18.45685686
4.718504582,3.605452824,41.37137137,3.0141,7.461425,123.2,13.79045712,18.47921255
4.728662556,3.611660068,41.42142142,3.0015,7.461425,123.2,13.80714047,18.50156823
4.738851108,3.617883319,41.47147147,3.0015,7.461425,123.2,13.82382382,18.52392392
4.749070358,3.624122631,41.52152152,2.9847,7.334071,118,13.84050717,18.54627961
4.759320423,3.630378059,41.57157157,2.9815,7.592891,118,13.85719052,18.5686353
4.769601424,3.636649658,41.62162162,2.9815,7.592891,118,13.87387387,18.59099099
4.779913481,3.642937486,41.67167167,2.9757,7.081498,124.6,13.89055722,18.61334668
4.790256714,3.649241596,41.72172172,2.9757,7.081498,124.6,13.90724057,18.63570237
4.800631243,3.655562047,41.77177177,2.8812,5.894023,103,13.92392392,18.65805806
4.811037192,3.661898894,41.82182182,3.3393,6.865213,156.2,13.94060727,18.68041375
4.821474683,3.668252193,41.87187187,3.3393,6.865213,156.2,13.95729062,18.70276944
4.831943837,3.674622003,41.92192192,3.3393,6.865213,156.2,13.97397397,18.72512512
4.842444779,3.681008379,41.97197197,3.3475,7.010291,159.2,13.99065732,18.74748081
4.852977632,3.68741138,42.02202202,3.3475,7.010291,159.2,14.00734067,18.7698365
4.863542522,3.693831063,42.07207207,3.3683,7.490435,159.2,14.02402402,18.79219219
4.874139574,3.700267486,42.12212212,3.3562,7.490435,159.2,14.04070737,18.81454788
4.884768913,3.706720707,42.17217217,3.3955,7.490435,161.2,14.05739072,18.83690357
4.895430666,3.713190785,42.22222222,3.4345,7.296643,156.4,14.07407407,18.85925926
4.90612496,3.719677778,42.27227227,4.0912,8.603191,232.7,14.09075742,18.88161495
4.916851922,3.726181745,42.32232232,4.0458,8.489074,223.7,14.10744077,18.90397064
4.927611681,3.732702746,42.37237237,4.3941,9.329158,249.3,14.12412412,18.92632633
4.938404366,3.73924084,42.42242242,4.3941,9.329158,249.3,14.14080747,18.94868201
4.949230107,3.745796086,42.47247247,4.3941,9.354072,249.3,14.15749082,18.9710377
4.960089032,3.752368546,42.52252252,4.3781,9.354072,248,14.17417417,18.99339339
4.970981274,3.758958278,42.57257257,4.3781,9.354072,248,14.19085752,19.01574908
4.981906964,3.765565343,42.62262262,4.3781,9.284191,245.7,14.20754087,19.03810477
4.992866232,3.772189803,42.67267267,4.3781,9.318341,245.7,14.22422422,19.06046046
5.003859214,3.778831718,42.72272272,4.3791,9.318341,244.6,14.24090757,19.08281615
5.01488604,3.785491149,42.77277277,4.3719,9.309645,244.6,14.25759092,19.10517184
5.025946846,3.792168159,42.82282282,4.8383,10.365745,259.5,14.27427427,19.12752753
5.037041767,3.798862809,42.87287287,4.8383,10.365745,259.5,14.29095762,19.14988322
5.048170936,3.80557516,42.92292292,4.8383,9.959869,256.5,14.30764097,19.1722389
5.059334491,3.812305276,42.97297297,4.8383,9.959869,256.5,14.32432432,19.19459459
5.070532567,3.819053219,43.02302302,4.8383,9.959869,256.5,14.34100767,19.21695028
5.081765302,3.825819053,43.07307307,4.8455,9.864469,251.5,14.35769102,19.23930597
5.093032834,3.832602839,43.12312312,4.853,9.981941,252.4,14.37437437,19.26166166
5.104335302,3.839404643,43.17317317,4.853,9.981941,252.4,14.39105772,19.28401735
5.115672844,3.846224527,43.22322322,4.853,9.981941,252.4,14.40774107,19.30637304
5.127045601,3.853062555,43.27327327,4.654,8.923561,240.5,14.42442442,19.32872873
5.138453713,3.859918793,43.32332332,4.654,8.923561,242.8,14.44110777,19.35108442
5.149897321,3.866793304,43.37337337,4.6532,9.013483,243.1,14.45779112,19.37344011
5.161376568,3.873686154,43.42342342,4.6532,9.013483,243.1,14.47447447,19.39579579
5.172891596,3.880597407,43.47347347,4.6532,9.034206,243.1,14.49115782,19.41815148
5.184442548,3.88752713,43.52352352,4.6535,9.016304,239.1,14.50784117,19.44050717
5.196029568,3.894475388,43.57357357,4.6473,9.016304,235.1,14.52452452,19.46286286
5.207652802,3.901442247,43.62362362,4.6731,9.016304,235.1,14.54120787,19.48521855
5.219312395,3.908427773,43.67367367,4.6919,8.969471,235.4,14.55789122,19.50757424
5.231008492,3.915432034,43.72372372,4.6822,9.051953,235.4,14.57457457,19.52992993
5.242741241,3.922455096,43.77377377,4.6014,9.19042,234.4,14.59125792,19.55228562
5.25451079,3.929497026,43.82382382,4.6014,9.19042,234.4,14.60794127,19.57464131
5.266317287,3.936557892,43.87387387,4.5174,9.089006,229,14.62462462,19.596997
5.27816088,3.943637762,43.92392392,4.5174,9.042506,229,14.64130797,19.61935268
5.29004172,3.950736704,43.97397397,4.5174,9.042506,229,14.65799132,19.64170837
5.301959958,3.957854787,44.02402402,4.4539,8.959769,229,14.67467467,19.66406406
5.313915744,3.964992079,44.07407407,4.3146,8.936027,229,14.69135802,19.68641975
5.32590923,3.972148649,44.12412412,4.3146,8.936027,229,14.70804137,19.70877544
5.337940571,3.979324567,44.17417417,4.3146,8.958847,226,14.72472472,19.73113113
5.350009918,3.986519903,44.22422422,3.9382,8.41653,221,14.74140807,19.75348682
5.362117426,3.993734726,44.27427427,3.9382,8.41653,221,14.75809142,19.77584251
5.374263252,4.000969107,44.32432432,3.3527,7.170633,149.8,14.77477477,19.7981982
5.386447549,4.008223117,44.37437437,3.2648,6.887897,150.1,14.79145812,19.82055389
5.398670476,4.015496826,44.42442442,2.9484,6.357141,126.1,14.80814147,19.84290957
5.410932189,4.022790307,44.47447447,3.0471,6.406555,129.1,14.82482482,19.86526526
5.423232846,4.03010363,44.52452452,2.9781,6.406555,124.1,14.84150817,19.88762095
5.435572607,4.037436867,44.57457457,2.9709,6.402655,124.1,14.85819152,19.90997664
5.447951632,4.044790091,44.62462462,3.0113,6.121837,114.1,14.87487487,19.93233233
5.46037008,4.052163375,44.67467467,3.0113,6.121837,114.1,14.89155822,19.95468802
5.472828114,4.059556791,44.72472472,3.0482,6.086851,114.1,14.90824157,19.97704371
5.485325896,4.066970412,44.77477477,3.0482,6.086851,114.1,14.92492492,19.9993994
5.497863588,4.074404313,44.82482482,3.0482,6.086851,116.1,14.94160827,20.02175509
5.510441355,4.081858567,44.87487487,3.1869,6.009417,116.1,14.95829162,20.04411078
5.52305936,4.089333248,44.92492492,3.1765,6.009417,116.1,14.97497497,20.06646646
5.53571777,4.096828431,44.97497497,3.1765,6.027971,118.1,14.99165832,20.08882215
5.548416751,4.104344192,45.02502503,3.1765,6.027971,118.1,15.00834168,20.11117785
5.56115647,4.111880605,45.07507508,3.1765,6.027971,118.1,15.02502503,20.13353354
5.573937096,4.119437745,45.12512513,3.2429,6.090102,128.1,15.04170838,20.15588922
5.586758795,4.12701569,45.17517518,3.2429,6.090102,128.1,15.05839173,20.17824491
5.59962174,4.134614515,45.22522523,3.2429,6.479643,136.4,15.07507508,20.2006006
5.612526099,4.142234297,45.27527528,3.2429,6.479643,136.4,15.09175843,20.22295629
5.625472045,4.149875113,45.32532533,3.3025,6.609039,142.4,15.10844178,20.24531198
5.63845975,4.157537041,45.37537538,3.3317,6.988881,150,15.12512513,20.26766767
5.651489387,4.165220158,45.42542543,3.3317,6.988881,146,15.14180848,20.29002336
5.664561129,4.172924542,45.47547548,3.4343,7.97566,182,15.15849183,20.31237905
5.677675152,4.180650271,45.52552553,3.4343,8.035806,184,15.17517518,20.33473474
5.690831632,4.188397426,45.57557558,3.4343,8.035806,184,15.19185853,20.35709043
5.704030745,4.196166084,45.62562563,3.4343,8.011862,184,15.20854188,20.37944611
5.717272669,4.203956326,45.67567568,3.4872,8.075662,185,15.22522523,20.4018018
5.730557583,4.211768231,45.72572573,3.5091,8.075662,185,15.24190858,20.42415749
5.743885665,4.219601879,45.77577578,3.5257,8.276455,187,15.25859193,20.44651318
5.757257096,4.227457352,45.82582583,3.5257,8.276455,187,15.27527528,20.46886887
5.770672058,4.23533473,45.87587588,3.6123,8.276455,189,15.29195863,20.49122456
5.784130732,4.243234095,45.92592593,3.6123,8.276455,189,15.30864198,20.51358025
5.797633302,4.251155529,45.97597598,3.6123,8.276455,188,15.32532533,20.53593594
5.811179951,4.259099113,46.02602603,3.6123,8.276455,187,15.34200868,20.55829163
5.824770865,4.267064931,46.07607608,3.6123,8.251625,187,15.35869203,20.58064732
5.838406229,4.275053065,46.12612613,3.6123,8.251625,188.5,15.37537538,20.603003
5.852086231,4.283063598,46.17617618,3.5896,8.186417,188.5,15.39205873,20.62535869
5.865811058,4.291096615,46.22622623,3.6115,8.243017,192.5,15.40874208,20.64771438
5.879580899,4.299152199,46.27627628,3.6115,8.243017,192.5,15.42542543,20.67007007
5.893395944,4.307230436,46.32632633,3.4633,8.110024,192.5,15.44210878,20.69242576
5.907256383,4.315331409,46.37637638,3.5463,8.296417,196.5,15.45879213,20.71478145
5.921162409,4.323455204,46.42642643,3.5397,8.275217,196.5,15.47547548,20.73713714
5.935114213,4.331601907,46.47647648,3.5397,8.180656,197.5,15.49215883,20.75949283
5.949111991,4.339771604,46.52652653,3.5386,8.158843,197.5,15.50884218,20.78184852
5.963155936,4.347964382,46.57657658,3.5438,7.970213,185.5,15.52552553,20.80420421
5.977246244,4.356180327,46.62662663,3.5438,7.970213,185.5,15.54220888,20.82655989
5.991383112,4.364419527,46.67667668,3.5438,7.970213,185.5,15.55889223,20.84891558
6.005566738,4.37268207,46.72672673,3.5438,7.970213,185.5,15.57557558,20.87127127
6.01979732,4.380968043,46.77677678,3.5438,7.970213,185.5,15.59225893,20.89362696
6.034075059,4.389277535,46.82682683,3.5438,7.970213,185.5,15.60894228,20.91598265
6.048400155,4.397610636,46.87687688,3.5137,7.980275,185.5,15.62562563,20.93833834
6.06277281,4.405967434,46.92692693,3.5137,7.980275,185.5,15.64230898,20.96069403
6.077193228,4.414348019,46.97697698,3.5137,7.886795,185.5,15.65899233,20.98304972
6.091661611,4.422752483,47.02702703,3.5102,7.849745,185.5,15.67567568,21.00540541
6.106178166,4.431180915,47.07707708,3.6208,8.186769,193.5,15.69235903,21.0277611
6.120743098,4.439633406,47.12712713,3.6208,8.186769,191,15.70904238,21.05011678
6.135356615,4.448110048,47.17717718,3.6208,8.186769,191,15.72572573,21.07247247
6.150018925,4.456610934,47.22722723,3.6143,8.186769,191,15.74240908,21.09482816
6.164730237,4.465136155,47.27727728,3.6143,8.17861,191,15.75909243,21.11718385
6.179490762,4.473685804,47.32732733,3.5756,8.143993,184.5,15.77577578,21.13953954
6.194300712,4.482259975,47.37737738,3.5756,8.143993,184.5,15.79245913,21.16189523
6.209160299,4.490858762,47.42742743,3.6894,8.449163,187,15.80914248,21.18425092
6.224069737,4.499482258,47.47747748,3.564,8.392166,180.5,15.82582583,21.20660661
6.239029241,4.508130558,47.52752753,3.5631,8.363062,180.5,15.84250918,21.2289623
6.254039028,4.516803758,47.57757758,3.4615,7.989094,175,15.85919253,21.25131799
6.269099314,4.525501953,47.62762763,3.4615,7.989094,175,15.87587588,21.27367367
6.284210318,4.534225238,47.67767768,3.4615,7.989094,175,15.89255923,21.29602936
6.29937226,4.542973711,47.72772773,3.4615,7.989094,175,15.90924258,21.31838505
6.314585359,4.551747469,47.77777778,4.0231,9.310539,217.5,15.92592593,21.34074074
6.329849839,4.560546608,47.82782783,4.0231,9.310539,217.5,15.94260928,21.36309643
6.345165922,4.569371228,47.87787788,4.0231,9.310539,217.5,15.95929263,21.38545212
6.360533833,4.578221425,47.92792793,4.0231,9.310539,217.5,15.97597598,21.40780781
6.375953796,4.587097299,47.97797798,4.0231,9.310539,217.5,15.99265933,21.4301635
6.391426039,4.595998949,48.02802803,4.0231,9.310539,217.5,16.00934268,21.45251919
6.406950789,4.604926475,48.07807808,4.0231,9.310539,217.5,16.02602603,21.47487488
6.422528276,4.613879978,48.12812813,4.0231,9.310539,217.5,16.04270938,21.49723056
6.438158729,4.622859558,48.17817818,4.0231,9.280862,217.5,16.05939273,21.51958625
6.453842381,4.631865315,48.22822823,4.0086,9.212216,217.5,16.07607608,21.54194194
6.469579464,4.640897353,48.27827828,4.0086,9.212216,217.5,16.09275943,21.56429763
6.485370211,4.649955773,48.32832833,4.0086,9.212216,217.5,16.10944278,21.58665332
6.501214859,4.659040678,48.37837838,4.0086,9.212216,216.5,16.12612613,21.60900901
6.517113644,4.668152171,48.42842843,4.0086,9.174006,216.5,16.14280948,21.6313647
6.533066803,4.677290356,48.47847848,4.0086,9.174006,216.5,16.15949283,21.65372039
6.549074576,4.686455338,48.52852853,4.0086,9.124952,216.5,16.17617618,21.67607608
6.565137202,4.69564722,48.57857858,4.0086,9.124952,216.5,16.19285953,21.69843177
6.581254925,4.704866108,48.62862863,4.0258,9.124952,216.5,16.20954288,21.72078745
6.597427985,4.714112108,48.67867868,4.0258,9.124952,216.5,16.22622623,21.74314314
6.613656629,4.723385327,48.72872873,3.6479,8.13957,201.5,16.24290958,21.76549883
6.6299411,4.73268587,48.77877878,3.6598,8.201812,201.5,16.25959293,21.78785452
6.646281647,4.742013846,48.82882883,3.6598,8.201812,201.5,16.27627628,21.81021021
6.662678518,4.751369362,48.87887888,4.169,8.417061,217,16.29295963,21.8325659
6.679131961,4.760752527,48.92892893,4.2823,8.486784,208,16.30964298,21.85492159
6.695642228,4.770163449,48.97897898,4.2481,8.443255,207.5,16.32632633,21.87727728
6.712209572,4.779602238,49.02902903,4.2481,8.413578,207.5,16.34300968,21.89963297
6.728834245,4.789069004,49.07907908,4.2481,8.413578,207.5,16.35969303,21.92198866
6.745516503,4.798563858,49.12912913,4.2481,8.413578,207.5,16.37637638,21.94434434
6.762256602,4.808086911,49.17917918,4.2602,8.413578,209.5,16.39305973,21.96670003
6.779054801,4.817638273,49.22922923,4.2602,8.413578,209.5,16.40974308,21.98905572
6.795911357,4.827218059,49.27927928,4.2602,8.379908,207.5,16.42642643,22.01141141
6.812826533,4.836826379,49.32932933,4.2602,8.379908,207.5,16.44310978,22.0337671
6.829800589,4.846463348,49.37937938,4.2619,8.334208,206.5,16.45979313,22.05612279
6.84683379,4.85612908,49.42942943,4.233,8.334208,206.5,16.47647648,22.07847848
6.863926401,4.865823688,49.47947948,4.233,8.359798,206.5,16.49315983,22.10083417
6.881078687,4.875547288,49.52952953,4.233,8.359798,206.5,16.50984318,22.12318986
6.898290917,4.885299996,49.57957958,4.233,8.359798,206.5,16.52652653,22.14554555
6.91556336,4.895081927,49.62962963,4.233,8.359798,206.5,16.54320988,22.16790123
6.932896286,4.904893199,49.67967968,4.233,8.359798,206.5,16.55989323,22.19025692
6.950289968,4.914733928,49.72972973,4.272,8.221182,190.5,16.57657658,22.21261261
6.96774468,4.924604233,49.77977978,4.244,7.734402,180.5,16.59325993,22.2349683
6.985260697,4.934504231,49.82982983,4.244,7.734402,180.5,16.60994328,22.25732399
7.002838296,4.944434043,49.87987988,4.244,7.734402,180.5,16.62662663,22.27967968
7.020477755,4.954393788,49.92992993,4.171,7.652304,180.5,16.64330998,22.30203537
7.038179354,4.964383586,49.97997998,4.171,7.652304,180.5,16.65999333,22.32439106
7.055943374,4.974403558,50.03003003,4.171,7.652304,180.5,16.67667668,22.34674675
7.073770099,4.984453826,50.08008008,4.171,7.652304,180.5,16.69336003,22.36910244
7.091659813,4.994534511,50.13013013,4.1628,7.608944,180.5,16.71004338,22.39145812
7.109612802,5.004645736,50.18018018,4.1628,7.608944,180.5,16.72672673,22.41381381
7.127629353,5.014787625,50.23023023,4.1628,7.608944,180.5,16.74341008,22.4361695
7.145709757,5.024960302,50.28028028,4.106,7.592601,180.5,16.76009343,22.45852519
7.163854303,5.035163891,50.33033033,4.106,7.592601,180.5,16.77677678,22.48088088
7.182063285,5.045398518,50.38038038,4.106,7.592601,180.5,16.79346013,22.50323657
7.200336997,5.055664308,50.43043043,4.106,7.592601,180.5,16.81014348,22.52559226
7.218675734,5.065961388,50.48048048,4.106,7.592601,180.5,16.82682683,22.54794795
7.237079794,5.076289884,50.53053053,4.106,7.592601,180.5,16.84351018,22.57030364
7.255549476,5.086649926,50.58058058,4.106,7.592601,180.5,16.86019353,22.59265933
7.274085081,5.097041641,50.63063063,4.106,7.592601,180.5,16.87687688,22.61501501
7.292686911,5.107465158,50.68068068,4.106,7.592601,180.5,16.89356023,22.6373707
7.311355271,5.117920607,50.73073073,4.2531,7.742961,183.5,16.91024358,22.65972639
7.330090466,5.128408118,50.78078078,4.3696,8.143921,185,16.92692693,22.68208208
7.348892805,5.138927823,50.83083083,4.3696,7.957861,183,16.94361028,22.70443777
7.367762595,5.149479854,50.88088088,4.3696,7.957861,183,16.96029363,22.72679346
7.386700149,5.160064342,50.93093093,4.2326,7.176981,181,16.97697698,22.74914915
7.40570578,5.17068142,50.98098098,4.2326,7.176981,181,16.99366033,22.77150484
7.424779801,5.181331224,51.03103103,4.2326,7.176981,181,17.01034368,22.79386053
7.443922529,5.192013886,51.08108108,4.3736,7.746501,190,17.02702703,22.81621622
7.463134283,5.202729543,51.13113113,4.3691,7.746501,190,17.04371038,22.8385719
7.482415383,5.21347833,51.18118118,4.3691,7.774962,190,17.06039373,22.86092759
7.501766149,5.224260383,51.23123123,4.3691,7.774962,190,17.07707708,22.88328328
7.521186906,5.23507584,51.28128128,4.3691,7.774962,190,17.09376043,22.90563897
7.54067798,5.245924839,51.33133133,4.3691,7.774962,190,17.11044378,22.92799466
7.560239697,5.256807519,51.38138138,4.3691,7.736752,190,17.12712713,22.95035035
7.579872387,5.267724018,51.43143143,4.3691,7.736752,190,17.14381048,22.97270604
7.599576381,5.278674478,51.48148148,4.3863,7.963202,191.5,17.16049383,22.99506173
7.619352011,5.289659038,51.53153153,4.3863,7.963202,191.5,17.17717718,23.01741742
7.639199612,5.300677841,51.58158158,4.3863,7.963202,191.5,17.19386053,23.03977311
7.659119522,5.311731028,51.63163163,4.3863,7.963202,191.5,17.21054388,23.06212879
7.679112079,5.322818743,51.68168168,4.3863,7.963202,191.5,17.22722723,23.08448448
7.699177624,5.33394113,51.73173173,4.282,7.840055,186.2,17.24391058,23.10684017
7.719316498,5.345098333,51.78178178,4.282,7.840055,186.2,17.26059393,23.12919586
7.739529047,5.356290498,51.83183183,4.282,7.840055,186.2,17.27727728,23.15155155
7.759815617,5.367517769,51.88188188,4.282,7.840055,186.2,17.29396063,23.17390724
7.780176556,5.378780296,51.93193193,4.282,7.840055,186.2,17.31064398,23.19626293
7.800612216,5.390078224,51.98198198,4.282,7.840055,185.2,17.32732733,23.21861862
7.821122948,5.401411702,52.03203203,4.2536,7.741997,185.2,17.34401068,23.24097431
7.841709107,5.412780879,52.08208208,4.255,7.718057,185.2,17.36069403,23.26333
7.86237105,5.424185906,52.13213213,4.255,7.718057,185.2,17.37737738,23.28568568
7.883109136,5.435626933,52.18218218,4.255,7.718057,185.2,17.39406073,23.30804137
7.903923724,5.447104111,52.23223223,4.255,7.718057,185.2,17.41074408,23.33039706
7.924815179,5.458617593,52.28228228,4.255,7.718057,185.2,17.42742743,23.35275275
7.945783864,5.470167531,52.33233233,4.255,7.718057,185.2,17.44411078,23.37510844
7.966830147,5.481754081,52.38238238,4.239,7.718057,185.2,17.46079413,23.39746413
7.987954397,5.493377396,52.43243243,4.2376,7.693907,185.2,17.47747748,23.41981982
8.009156986,5.505037631,52.48248248,4.2376,7.693907,185.2,17.49416083,23.44217551
8.030438286,5.516734945,52.53253253,4.2376,7.693907,185.2,17.51084418,23.4645312
8.051798674,5.528469492,52.58258258,4.2502,7.709721,185.7,17.52752753,23.48688689
8.073238528,5.540241433,52.63263263,4.2502,7.709721,185.7,17.54421088,23.50924257
8.094758227,5.552050924,52.68268268,4.2502,7.709721,185.7,17.56089423,23.53159826
8.116358154,5.563898127,52.73273273,4.2433,7.696701,185.7,17.57757758,23.55395395
8.138038693,5.575783201,52.78278278,4.2593,7.696701,185.7,17.59426093,23.57630964
8.159800231,5.587706308,52.83283283,4.2593,7.696701,185.7,17.61094428,23.59866533
8.181643157,5.599667611,52.88288288,4.2785,7.924524,195.2,17.62762763,23.62102102
8.203567863,5.611667271,52.93293293,4.2785,7.924524,195.2,17.64431098,23.64337671
8.225574742,5.623705455,52.98298298,4.2785,7.924524,195.2,17.66099433,23.6657324
8.24766419,5.635782325,53.03303303,4.2785,7.924524,195.2,17.67767768,23.68808809
8.269836605,5.647898049,53.08308308,4.2785,7.924524,195.2,17.69436103,23.71044378
8.292092388,5.660052792,53.13313313,4.3126,8.046221,195.2,17.71104438,23.73279946
8.314431942,5.672246722,53.18318318,4.3126,8.046221,195.2,17.72772773,23.75515515
8.336855672,5.684480009,53.23323323,4.3126,8.046221,195.2,17.74441108,23.77751084
8.359363987,5.69675282,53.28328328,4.3126,8.046221,195.2,17.76109443,23.79986653
8.381957296,5.709065326,53.33333333,4.3126,7.980905,193.9,17.77777778,23.82222222
8.404636011,5.721417698,53.38338338,4.3126,7.980905,193.9,17.79446113,23.84457791
8.427400549,5.73381011,53.43343343,4.3126,7.980905,193.9,17.81114448,23.8669336
8.450251326,5.746242732,53.48348348,4.3092,8.116775,195.4,17.82782783,23.88928929
8.473188763,5.75871574,53.53353353,4.3092,8.116775,195.4,17.84451118,23.91164498
8.496213281,5.771229309,53.58358358,4.3116,8.024967,195.4,17.86119453,23.93400067
8.519325307,5.783783614,53.63363363,4.3242,8.024967,195.4,17.87787788,23.95635635
8.542525268,5.796378831,53.68368368,4.3242,8.024967,195.4,17.89456123,23.97871204
8.565813593,5.80901514,53.73373373,4.3242,8.024967,195.4,17.91124458,24.00106773
8.589190716,5.821692718,53.78378378,4.3242,8.024967,195.4,17.92792793,24.02342342
8.612657072,5.834411745,53.83383383,4.3242,8.024967,195.4,17.94461128,24.04577911
8.636213098,5.847172402,53.88388388,4.3242,8.024967,195.4,17.96129463,24.0681348
8.659859236,5.859974871,53.93393393,4.3193,7.986327,195.4,17.97797798,24.09049049
8.683595928,5.872819334,53.98398398,4.3193,8.011871,195.4,17.99466133,24.11284618
8.70742362,5.885705974,54.03403403,4.3193,8.011871,195.4,18.01134468,24.13520187
8.731342761,5.898634977,54.08408408,4.3193,8.011871,195.4,18.02802803,24.15755756
8.755353802,5.911606528,54.13413413,4.3193,8.011871,195.4,18.04471138,24.17991324
8.779457197,5.924620815,54.18418418,4.3086,7.985831,195.4,18.06139473,24.20226893
8.803653403,5.937678023,54.23423423,4.3086,7.985831,195.4,18.07807808,24.22462462
8.827942879,5.950778343,54.28428428,4.3086,7.985831,195.4,18.09476143,24.24698031
8.852326088,5.963921964,54.33433433,4.3086,7.985831,195.4,18.11144478,24.269336
8.876803493,5.977109077,54.38438438,4.3086,7.985831,195.4,18.12812813,24.29169169
8.901375564,5.990339873,54.43443443,4.3086,7.985831,195.4,18.14481148,24.31404738
8.926042771,6.003614546,54.48448448,4.2658,7.937842,191.4,18.16149483,24.33640307
8.950805588,6.01693329,54.53453453,4.2658,7.937842,191.4,18.17817818,24.35875876
8.97566449,6.0302963,54.58458458,4.2658,7.937842,191.4,18.19486153,24.38111445
9.000619958,6.043703771,54.63463463,4.2658,7.937842,191.4,18.21154488,24.40347013
9.025672474,6.057155901,54.68468468,4.2658,7.937842,191.4,18.22822823,24.42582582
9.050822522,6.070652889,54.73473473,4.2222,7.71366,187.4,18.24491158,24.44818151
9.076070591,6.084194934,54.78478478,4.2149,7.676312,186.1,18.26159493,24.4705372
9.101417172,6.097782236,54.83483483,4.2149,7.676312,186.1,18.27827828,24.49289289
9.12686276,6.111414998,54.88488488,4.1935,7.6077,182.1,18.29496163,24.51524858
9.152407851,6.125093421,54.93493493,4.1935,7.607041,182.1,18.31164498,24.53760427
9.178052946,6.138817709,54.98498498,4.1935,7.607041,182.1,18.32832833,24.55995996
9.203798549,6.152588069,55.03503504,4.0976,7.390285,164.1,18.34501168,24.58231565
9.229645164,6.166404705,55.08508509,4.0976,7.390285,164.1,18.36169503,24.60467134
9.255593303,6.180267826,55.13513514,4.0437,7.253557,162.1,18.37837838,24.62702703
9.281643478,6.19417764,55.18518519,4.0437,7.253557,162.1,18.39506173,24.64938272
9.307796205,6.208134356,55.23523524,4.029,7.253557,162.1,18.41174508,24.67173841
9.334052002,6.222138186,55.28528529,3.9917,7.253557,160.1,18.42842843,24.6940941
9.360411392,6.236189341,55.33533534,3.9437,6.935634,159.1,18.44511178,24.71644979
9.386874901,6.250288034,55.38538539,3.9143,6.935634,159.1,18.46179513,24.73880547
9.413443057,6.264434481,55.43543544,3.7716,6.295638,145.1,18.47847848,24.76116116
9.440116392,6.278628896,55.48548549,3.7553,6.208458,144.1,18.49516183,24.78351685
9.466895442,6.292871497,55.53553554,3.7553,6.208458,144.1,18.51184518,24.80587254
9.493780745,6.307162502,55.58558559,3.7066,6.050112,137.9,18.52852853,24.82822823
9.520772844,6.32150213,55.63563564,3.6778,5.985076,135.6,18.54521188,24.85058392
9.547872284,6.335890601,55.68568569,3.6778,5.985076,135.6,18.56189523,24.87293961
9.575079613,6.350328138,55.73573574,3.6742,5.978566,135.6,18.57857858,24.8952953
9.602395384,6.364814963,55.78578579,3.6742,5.932306,133,18.59526193,24.91765099
9.629820153,6.379351301,55.83583584,3.6742,5.932306,133,18.61194528,24.94000668
9.657354478,6.393937377,55.88588589,3.6742,5.932306,133,18.62862863,24.96236236
9.684998923,6.408573419,55.93593594,3.6742,5.886357,130.4,18.64531198,24.98471805
9.712754054,6.423259654,55.98598599,3.6742,5.854597,129.4,18.66199533,25.00707374
9.740620441,6.437996313,56.03603604,3.6742,5.854597,129.4,18.67867868,25.02942943
9.768598656,6.452783625,56.08608609,3.6742,5.854597,129.4,18.69536203,25.05178512
9.796689277,6.467621823,56.13613614,3.6742,5.854597,129.4,18.71204538,25.07414081
9.824892885,6.482511141,56.18618619,3.6742,5.854597,129.4,18.72872873,25.0964965
9.853210063,6.497451813,56.23623624,3.6742,5.854597,129.4,18.74541208,25.11885219
9.881641401,6.512444075,56.28628629,3.6742,5.854597,129.4,18.76209543,25.14120788
9.910187489,6.527488166,56.33633634,3.6742,5.854597,129.4,18.77877878,25.16356357
9.938848923,6.542584323,56.38638639,3.6742,5.854597,129.4,18.79546213,25.18591925
9.967626303,6.557732788,56.43643644,3.6662,5.838124,128.8,18.81214548,25.20827494
9.99652023,6.572933801,56.48648649,3.6448,5.735206,127.8,18.82882883,25.23063063
10.02553131,6.588187606,56.53653654,3.6822,5.638104,127.2,18.84551218,25.25298632
10.05466016,6.603494448,56.58658659,3.6822,5.638104,127.2,18.86219553,25.27534201
10.08390739,6.618854571,56.63663664,3.6822,5.638104,127.2,18.87887888,25.2976977
10.11327362,6.634268224,56.68668669,3.7042,5.65448,127.4,18.89556223,25.32005339
10.14275947,6.649735655,56.73673674,3.6094,5.495156,124.1,18.91224558,25.34240908
10.17236557,6.665257115,56.78678679,3.6094,5.495156,124.1,18.92892893,25.36476477
10.20209255,6.680832854,56.83683684,3.6094,5.492872,124.1,18.94561228,25.38712046
10.23194104,6.696463126,56.88688689,3.5949,5.492872,122.8,18.96229563,25.40947614
10.26191168,6.712148186,56.93693694,3.5949,5.492872,122.8,18.97897898,25.43183183
10.29200512,6.72788829,56.98698699,3.6008,5.456368,118.8,18.99566233,25.45418752
10.322222,6.743683695,57.03703704,3.6008,5.456368,118.8,19.01234568,25.47654321
10.35256297,6.75953466,57.08708709,3.502,4.972564,105.7,19.02902903,25.4988989
10.38302869,6.775441446,57.13713714,3.502,4.972564,105.7,19.04571238,25.52125459
10.41361982,6.791404315,57.18718719,3.502,4.972564,105.7,19.06239573,25.54361028
10.44433702,6.807423531,57.23723724,3.502,4.972564,105.7,19.07907908,25.56596597
10.47518096,6.823499359,57.28728729,3.502,4.972564,105.7,19.09576243,25.58832166
10.50615231,6.839632065,57.33733734,3.4656,4.861268,99.4,19.11244578,25.61067735
10.53725174,6.855821918,57.38738739,3.4656,4.852132,99.4,19.12912913,25.63303303
10.56847995,6.872069187,57.43743744,3.4656,4.852132,99.4,19.14581248,25.65538872
10.59983761,6.888374145,57.48748749,3.3902,4.805872,97.4,19.16249583,25.67774441
10.63132542,6.904737065,57.53753754,3.3864,4.772615,97.1,19.17917918,25.7001001
10.66294406,6.92115822,57.58758759,3.3544,4.786259,97.1,19.19586253,25.72245579
10.69469425,6.937637888,57.63763764,3.3544,4.786259,97.1,19.21254588,25.74481148
10.72657667,6.954176347,57.68768769,3.3544,4.786259,97.4,19.22922923,25.76716717
10.75859205,6.970773876,57.73773774,3.3138,4.742302,96.2,19.24591258,25.78952286
10.79074109,6.987430756,57.78778779,3.32,4.730647,96.5,19.26259593,25.81187855
10.82302451,7.00414727,57.83783784,3.2874,4.713863,95.6,19.27927928,25.83423424
10.85544303,7.020923704,57.88788789,3.2874,4.713863,95.6,19.29596263,25.85658992
10.88799738,7.037760343,57.93793794,3.2874,4.713863,95.6,19.31264598,25.87894561
10.9206883,7.054657476,57.98798799,3.2874,4.713863,95.6,19.32932933,25.9013013
10.95351651,7.071615392,58.03803804,3.2874,4.713863,95.6,19.34601268,25.92365699
10.98648276,7.088634383,58.08808809,3.183,4.370393,90.8,19.36269603,25.94601268
11.0195878,7.105714742,58.13813814,3.183,4.370393,90.8,19.37937938,25.96836837
11.05283237,7.122856764,58.18818819,3.1556,4.108447,88.1,19.39606273,25.99072406
11.08621724,7.140060747,58.23823824,3.1556,4.108447,88.1,19.41274608,26.01307975
11.11974316,7.157326988,58.28828829,3.1556,4.108447,88.1,19.42942943,26.03543544
11.1534109,7.174655788,58.33833834,3.1574,4.100497,88.1,19.44611278,26.05779113
11.18722124,7.19204745,58.38838839,3.1532,4.097813,88.1,19.46279613,26.08014681
11.22117494,7.209502277,58.43843844,3.1532,4.097813,88.1,19.47947948,26.1025025
11.2552728,7.227020575,58.48848849,3.1478,4.081029,86.6,19.49616283,26.12485819
11.28951559,7.244602653,58.53853854,3.1478,4.081029,86.6,19.51284618,26.14721388
11.32390411,7.262248819,58.58858859,3.1478,4.081029,86.6,19.52952953,26.16956957
11.35843916,7.279959385,58.63863864,3.1478,4.081029,86.6,19.54621288,26.19192526
11.39312153,7.297734665,58.68868869,3.1478,4.081029,86.6,19.56289623,26.21428095
11.42795205,7.315574973,58.73873874,3.0686,3.950778,84.5,19.57957958,26.23663664
11.46293152,7.333480628,58.78878879,3.0686,3.946394,84.5,19.59626293,26.25899233
11.49806075,7.351451948,58.83883884,3.0686,3.946394,84.5,19.61294628,26.28134802
11.53334059,7.369489254,58.88888889,3.0814,3.970572,85.1,19.62962963,26.3037037
11.56877185,7.387592869,58.93893894,3.1084,4.131772,86.3,19.64631298,26.32605939
11.60435536,7.405763119,58.98898899,3.1084,4.131772,85.3,19.66299633,26.34841508
11.64009199,7.42400033,59.03903904,3.0932,4.135562,85.3,19.67967968,26.37077077
11.67598256,7.442304832,59.08908909,3.0932,4.135562,85.3,19.69636303,26.39312646
11.71202793,7.460676955,59.13913914,3.0932,4.135562,85.3,19.71304638,26.41548215
11.74822896,7.479117033,59.18918919,3.107,4.201762,88,19.72972973,26.43783784
11.78458652,7.497625401,59.23923924,3.107,4.201762,88,19.74641308,26.46019353
11.82110147,7.516202395,59.28928929,3.107,4.201762,88,19.76309643,26.48254922
11.8577747,7.534848356,59.33933934,3.107,4.201762,88,19.77977978,26.50490491
11.89460707,7.553563625,59.38938939,3.107,4.201762,88,19.79646313,26.52726059
11.93159949,7.572348545,59.43943944,3.107,4.201762,88,19.81314648,26.54961628
11.96875285,7.591203462,59.48948949,3.107,4.201762,88,19.82982983,26.57197197
12.00606804,7.610128723,59.53953954,3.107,4.201762,88,19.84651318,26.59432766
12.04354597,7.629124679,59.58958959,3.107,4.201762,88,19.86319653,26.61668335
12.08118756,7.648191682,59.63963964,3.107,4.201762,88,19.87987988,26.63903904
12.11899372,7.667330085,59.68968969,3.107,4.201762,88,19.89656323,26.66139473
12.15696538,7.686540247,59.73973974,3.107,4.201762,88,19.91324658,26.68375042
12.19510347,7.705822524,59.78978979,3.107,4.201762,88,19.92992993,26.70610611
12.23340893,7.725177279,59.83983984,3.107,4.201762,88,19.94661328,26.7284618
12.2718827,7.744604875,59.88988989,3.107,4.201762,88,19.96329663,26.75081748
12.31052574,7.764105677,59.93993994,3.107,4.201762,88,19.97997998,26.77317317
12.349339,7.783680052,59.98998999,3.107,4.201762,88,19.99666333,26.79552886
12.38832345,7.803328372,60.04004004,3.107,4.201762,88,20.01334668,26.81788455
12.42748005,7.823051008,60.09009009,3.107,4.201762,88,20.03003003,26.84024024
12.46680978,7.842848336,60.14014014,3.107,4.201762,88,20.04671338,26.86259593
12.50631364,7.862720732,60.19019019,3.107,4.201762,88,20.06339673,26.88495162
12.5459926,7.882668577,60.24024024,3.1028,4.196394,88,20.08008008,26.90730731
12.58584768,7.902692251,60.29029029,3.0892,4.18548768,87.8,20.09676343,26.929663
12.62587986,7.92279214,60.34034034,3.047,4.16886548,86.6,20.11344678,26.95201869
12.66609017,7.94296863,60.39039039,3.0894,4.29193248,90.2,20.13013013,26.97437437
12.70647963,7.963222111,60.44044044,3.0894,4.29193248,90.2,20.14681348,26.99673006
12.74704925,7.983552975,60.49049049,3.0894,4.29193248,90.2,20.16349683,27.01908575
12.78780008,8.003961614,60.54054054,3.0894,4.29193248,90.2,20.18018018,27.04144144
12.82873316,8.024448428,60.59059059,3.0648,4.23845916,89.7,20.19686353,27.06379713
12.86984952,8.045013813,60.64064064,3.0648,4.23845916,89.7,20.21354688,27.08615282
12.91115024,8.065658174,60.69069069,3.0592,4.23215916,89.7,20.23023023,27.10850851
12.95263636,8.086381913,60.74074074,3.0592,4.23215916,89.7,20.24691358,27.1308642
12.99430897,8.107185438,60.79079079,3.0592,4.23215916,89.7,20.26359693,27.15321989
13.03616914,8.128069158,60.84084084,3.0592,4.23215916,89.7,20.28028028,27.17557558
13.07821795,8.149033486,60.89089089,3.0592,4.23215916,89.7,20.29696363,27.19793126
13.1204565,8.170078837,60.94094094,3.0592,4.23215916,89.7,20.31364698,27.22028695
13.16288589,8.191205628,60.99099099,3.0592,4.23215916,89.7,20.33033033,27.24264264
13.20550723,8.212414279,61.04104104,3.0592,4.23215916,89.7,20.34701368,27.26499833
13.24832163,8.233705214,61.09109109,3.0592,4.23215916,89.7,20.36369703,27.28735402
13.29133022,8.255078858,61.14114114,2.9092,4.05919032,82.7,20.38038038,27.30970971
13.33453413,8.276535639,61.19119119,2.9092,4.05919032,82.7,20.39706373,27.3320654
13.3779345,8.298075989,61.24124124,2.9092,4.05919032,82.7,20.41374708,27.35442109
13.42153249,8.319700342,61.29129129,2.9092,4.05919032,82.7,20.43043043,27.37677678
13.46532924,8.341409135,61.34134134,2.9092,4.05919032,82.7,20.44711378,27.39913247
13.50932592,8.363202806,61.39139139,2.9092,4.05919032,82.7,20.46379713,27.42148815
13.55352371,8.3850818,61.44144144,2.9092,4.05919032,82.7,20.48048048,27.44384384
13.5979238,8.407046561,61.49149149,2.9092,4.05919032,82.7,20.49716383,27.46619953
13.64252736,8.429097537,61.54154154,2.9092,4.05919032,82.7,20.51384718,27.48855522
13.6873356,8.451235181,61.59159159,2.9092,4.05919032,82.7,20.53053053,27.51091091
13.73234972,8.473459945,61.64164164,2.9092,4.05919032,82.7,20.54721388,27.5332666
13.77757095,8.495772288,61.69169169,2.9092,4.05919032,82.7,20.56389723,27.55562229
13.82300051,8.51817267,61.74174174,2.9092,4.05919032,82.7,20.58058058,27.57797798
13.86863963,8.540661553,61.79179179,2.9092,4.05919032,82.7,20.59726393,27.60033367
13.91448955,8.563239405,61.84184184,2.9092,4.05919032,82.7,20.61394728,27.62268936
13.96055154,8.585906693,61.89189189,2.9092,4.05919032,82.7,20.63063063,27.64504504
14.00682684,8.608663892,61.94194194,2.9092,4.05919032,82.7,20.64731398,27.66740073
14.05331673,8.631511476,61.99199199,2.9092,4.05919032,82.7,20.66399733,27.68975642
14.10002249,8.654449924,62.04204204,2.9092,4.05919032,82.2,20.68068068,27.71211211
14.14694541,8.677479719,62.09209209,2.9092,4.05919032,82.2,20.69736403,27.7344678
14.19408678,8.700601344,62.14214214,2.9092,4.05919032,82.2,20.71404738,27.75682349
14.24144792,8.723815289,62.19219219,2.9092,4.05919032,82.2,20.73073073,27.77917918
14.28903014,8.747122045,62.24224224,2.9092,4.05919032,82.2,20.74741408,27.80153487
14.33683477,8.770522107,62.29229229,2.8876,4.05919032,81.7,20.76409743,27.82389056
14.38486315,8.794015972,62.34234234,2.8876,4.05919032,81.7,20.78078078,27.84624625
14.43311661,8.817604143,62.39239239,2.87,4.05919032,81.5,20.79746413,27.86860193
14.48159653,8.841287125,62.44244244,2.8312,4.04256812,80.7,20.81414748,27.89095762
14.53030426,8.865065424,62.49249249,2.8312,4.04256812,80.7,20.83083083,27.91331331
14.57924119,8.888939554,62.54254254,2.8032,4.02199948,79.5,20.84751418,27.935669
14.62840869,8.912910029,62.59259259,2.8032,4.02199948,79.5,20.86419753,27.95802469
14.67780817,8.936977368,62.64264264,2.8032,4.02199948,79.5,20.88088088,27.98038038
14.72744103,8.961142091,62.69269269,2.8032,4.02199948,79.5,20.89756423,28.00273607
14.7773087,8.985404726,62.74274274,2.8032,4.02199948,79.5,20.91424758,28.02509176
14.82741259,9.009765801,62.79279279,2.7232,3.87575352,75.5,20.93093093,28.04744745
14.87775416,9.034225849,62.84284284,2.7024,3.8222802,75.5,20.94761428,28.06980314
14.92833484,9.058785406,62.89289289,2.7024,3.8340272,75.5,20.96429763,28.09215882
14.9791561,9.083445011,62.94294294,2.7228,3.8460852,75.8,20.98098098,28.11451451
15.03021942,9.108205209,62.99299299,2.7228,3.8460852,75.8,20.99766433,28.1368702
15.08152626,9.133066546,63.04304304,2.7228,3.8460852,75.8,21.01434768,28.15922589
15.13307814,9.158029574,63.09309309,2.7228,3.8584852,76.4,21.03103103,28.18158158
15.18487655,9.183094847,63.14314314,2.733,3.8536012,76.4,21.04771438,28.20393727
15.236923,9.208262924,63.19319319,2.733,3.8536012,76.4,21.06439773,28.22629296
15.28921904,9.233534366,63.24324324,2.733,3.8536012,76.4,21.08108108,28.24864865
15.34176618,9.258909741,63.29329329,2.7377,3.8401452,76.4,21.09776443,28.27100434
15.39456599,9.284389617,63.34334334,2.7377,3.8401452,76.4,21.11444778,28.29336003
15.44762004,9.30997457,63.39339339,2.7377,3.8401452,76.4,21.13113113,28.31571571
15.50092988,9.335665177,63.44344344,2.7377,3.8401452,76.4,21.14781448,28.3380714
15.55449711,9.36146202,63.49349349,2.7377,3.8401452,76.4,21.16449783,28.36042709
15.60832333,9.387365684,63.54354354,2.7377,3.8401452,76.4,21.18118118,28.38278278
15.66241014,9.413376759,63.59359359,2.7737,3.8370672,76.4,21.19786453,28.40513847
15.71675918,9.439495841,63.64364364,2.7737,3.8370672,76.4,21.21454788,28.42749416
15.77137206,9.465723525,63.69369369,2.7737,3.8370672,76.4,21.23123123,28.44984985
15.82625045,9.492060416,63.74374374,2.7847,3.8370672,76.4,21.24791458,28.47220554
15.88139601,9.518507119,63.79379379,2.7847,3.8370672,76.4,21.26459793,28.49456123
15.93681039,9.545064245,63.84384384,2.7911,3.8370672,76.4,21.28128128,28.51691692
15.9924953,9.571732408,63.89389389,2.7913,3.8370672,75.9,21.29796463,28.5392726
16.04845242,9.598512228,63.94394394,2.8117,3.8611832,76.8,21.31464798,28.56162829
16.10468347,9.625404329,63.99399399,2.8423,3.8976992,76.8,21.33133133,28.58398398
16.16119018,9.652409338,64.04404404,2.7123,3.63539572,71.8,21.34801468,28.60633967
16.21797427,9.679527887,64.09409409,2.7123,3.64748472,71.8,21.36469803,28.62869536
16.27503752,9.706760613,64.14414414,2.7123,3.65988472,72.1,21.38138138,28.65105105
16.33238166,9.734108157,64.19419419,2.7123,3.65988472,72.1,21.39806473,28.67340674
16.3900085,9.761571165,64.24424424,2.7123,3.65988472,72.1,21.41474808,28.69576243
16.44791981,9.789150286,64.29429429,2.7471,3.65885872,72.1,21.43143143,28.71811812
16.50611741,9.816846176,64.34434434,2.7471,3.65885872,72.1,21.44811478,28.74047381
16.56460311,9.844659495,64.39439439,2.7471,3.65885872,72.1,21.46479813,28.76282949
16.62337875,9.872590905,64.44444444,2.7471,3.65885872,72.1,21.48148148,28.78518518
16.68244618,9.900641075,64.49449449,2.7636,3.65885872,72.1,21.49816483,28.80754087
16.74180726,9.92881068,64.54454454,2.7636,3.65885872,72.1,21.51484818,28.82989656
16.80146386,9.957100397,64.59459459,2.7636,3.65885872,72.1,21.53153153,28.85225225
16.86141789,9.985510909,64.64464464,2.7636,3.65885872,72.1,21.54821488,28.87460794
16.92167124,10.0140429,64.69469469,2.7636,3.65885872,72.1,21.56489823,28.89696363
16.98222584,10.04269708,64.74474474,2.7636,3.65885872,72.1,21.58158158,28.91931932
17.04308362,10.07147412,64.79479479,2.7636,3.65885872,72.1,21.59826493,28.94167501
17.10424655,10.10037474,64.84484484,2.7636,3.65885872,72.1,21.61494828,28.9640307
17.16571658,10.12939965,64.89489489,2.7636,3.65885872,72.1,21.63163163,28.98638638
17.2274957,10.15854955,64.94494494,2.7636,3.65885872,72.1,21.64831498,29.00874207
17.2895859,10.18782517,64.99499499,2.7636,3.65885872,72.1,21.66499833,29.03109776
17.35198921,10.21722722,65.04504505,2.7636,3.65885872,72.1,21.68168168,29.05345346
17.41470765,10.24675644,65.0950951,2.7636,3.65885872,72.1,21.69836503,29.07580914
17.47774327,10.27641356,65.14514515,2.7636,3.65885872,72.1,21.71504838,29.09816483
17.54109814,10.30619932,65.1951952,2.7636,3.65885872,72.1,21.73173173,29.12052052
17.60477432,10.33611447,65.24524525,3.0044,3.843448,78.6,21.74841508,29.14287621
17.66877392,10.36615974,65.2952953,3.0044,3.843448,78.6,21.76509843,29.1652319
17.73309906,10.3963359,65.34534535,3.0044,3.843448,78.6,21.78178178,29.18758759
17.79775185,10.42664371,65.3953954,3.0509,3.93779464,81.1,21.79846513,29.20994328
17.86273445,10.45708394,65.44544545,3.0509,3.93779464,81.1,21.81514848,29.23229897
17.92804902,10.48765735,65.4954955,3.0509,3.93779464,81.1,21.83183183,29.25465466
17.99369774,10.51836472,65.54554555,3.1649,3.93608464,81.1,21.84851518,29.27701035
18.05968282,10.54920683,65.5955956,3.1649,3.93608464,81.1,21.86519853,29.29936603
18.12600646,10.58018448,65.64564565,3.1649,3.93608464,81.1,21.88188188,29.32172172
18.19267089,10.61129846,65.6956957,3.1649,3.93608464,81.1,21.89856523,29.34407741
18.25967839,10.64254957,65.74574575,3.1649,3.93608464,81.1,21.91524858,29.3664331
18.3270312,10.67393861,65.7957958,3.1649,3.93608464,80.9,21.93193193,29.38878879
18.39473163,10.7054664,65.84584585,3.1649,3.93608464,80.9,21.94861528,29.41114448
18.46278198,10.73713375,65.8958959,3.2349,3.93667608,80.9,21.96529863,29.43350017
18.53118457,10.76894149,65.94594595,3.2349,3.92154308,80.9,21.98198198,29.45585586
18.59994176,10.80089045,65.995996,3.2349,3.92154308,80.9,21.99866533,29.47821155
18.6690559,10.83298147,66.04604605,3.2349,3.92154308,80.9,22.01534868,29.50056724
18.73852937,10.86521538,66.0960961,3.2349,3.92154308,80.9,22.03203203,29.52292292
18.80836459,10.89759304,66.14614615,3.2349,3.92154308,80.9,22.04871538,29.54527861
18.87856398,10.9301153,66.1961962,3.2801,3.92154308,80.9,22.06539873,29.5676343
18.94912997,10.96278302,66.24624625,3.2801,3.92154308,80.9,22.08208208,29.58998999
19.02006502,10.99559707,66.2962963,3.2801,3.92154308,80.9,22.09876543,29.61234568
19.09137163,11.02855832,66.34634635,3.2801,3.92154308,80.9,22.11544878,29.63470137
19.1630523,11.06166766,66.3963964,3.2801,3.92154308,80.9,22.13213213,29.65705706
19.23510954,11.09492597,66.44644645,3.2801,3.92154308,80.9,22.14881548,29.67941275
19.3075459,11.12833415,66.4964965,3.4177,4.21380944,84.4,22.16549883,29.70176844
19.38036396,11.16189309,66.54654655,3.4177,4.21380944,84.4,22.18218218,29.72412413
19.45356628,11.19560371,66.5965966,3.4177,4.21380944,84.4,22.19886553,29.74647981
19.5271555,11.22946692,66.64664665,3.4177,4.21380944,84.4,22.21554888,29.7688355
19.60113422,11.26348364,66.6966967,3.4797,4.29243164,86.4,22.23223223,29.79119119
19.67550511,11.29765479,66.74674675,3.4797,4.29243164,86.4,22.24891558,29.81354688
19.75027084,11.33198132,66.7967968,3.4797,4.29243164,86.4,22.26559893,29.83590257
19.8254341,11.36646417,66.84684685,3.4797,4.29243164,86.4,22.28228228,29.85825826
19.90099761,11.40110428,66.8968969,3.4797,4.29243164,86.4,22.29896563,29.88061395
19.97696412,11.43590261,66.94694695,3.4797,4.29243164,86.4,22.31564898,29.90296964
20.05333639,11.47086013,66.996997,3.4797,4.29243164,86.4,22.33233233,29.92532533
20.13011721,11.5059778,67.04704705,3.4797,4.29243164,86.4,22.34901568,29.94768102
20.20730939,11.54125661,67.0970971,3.4797,4.29243164,86.4,22.36569903,29.9700367
20.28491575,11.57669754,67.14714715,3.444,4.30098164,86.4,22.38238238,29.99239239
20.36293917,11.61230159,67.1971972,3.444,4.30098164,86.4,22.39906573,30.01474808
20.44138252,11.64806975,67.24724725,3.444,4.30098164,86.4,22.41574908,30.03710377
20.52024872,11.68400304,67.2972973,3.444,4.27756764,85.9,22.43243243,30.05945946
20.59954068,11.72010247,67.34734735,3.444,4.27756764,85.9,22.44911578,30.08181515
20.67926137,11.75636907,67.3973974,3.4099,4.16280664,82.6,22.46579913,30.10417084
20.75941378,11.79280387,67.44744745,3.4099,4.16280664,82.6,22.48248248,30.12652653
20.8400009,11.8294079,67.4974975,3.4099,4.16280664,82.6,22.49916583,30.14888222
20.92102577,11.86618223,67.54754755,3.4099,4.14440264,82.6,22.51584918,30.17123791
21.00249145,11.9031279,67.5975976,3.4051,4.13020308,82.3,22.53253253,30.19359359
21.08440103,11.94024599,67.64764765,3.6564,4.28726236,92.8,22.54921588,30.21594928
21.16675761,11.97753755,67.6976977,3.6676,4.27256612,91.3,22.56589923,30.23830497
21.24956433,12.01500368,67.74774775,3.6676,4.27256612,91.3,22.58258258,30.26066066
21.33282436,12.05264547,67.7977978,3.6676,4.27256612,91.3,22.59926593,30.28301635
21.41654088,12.09046401,67.84784785,3.747,4.28418856,93.1,22.61594928,30.30537204
21.50071713,12.12846041,67.8978979,3.747,4.28418856,93.1,22.63263263,30.32772773
21.58535633,12.16663579,67.94794795,3.8408,4.191549,93.1,22.64931598,30.35008342
21.67046178,12.20499126,67.997998,3.8408,4.191549,93.1,22.66599933,30.37243911
21.75603678,12.24352797,68.04804805,3.8408,4.191549,93.1,22.68268268,30.3947948
21.84208465,12.28224706,68.0980981,3.9463,4.242007,93.1,22.69936603,30.41715048
21.92860875,12.32114967,68.14814815,3.9463,4.242007,93.1,22.71604938,30.43950617
22.01561249,12.36023698,68.1981982,3.9463,4.242007,93.1,22.73273273,30.46186186
22.10309927,12.39951014,68.24824825,3.9463,4.242007,93.1,22.74941608,30.48421755
22.19107255,12.43897033,68.2982983,3.9463,4.242007,93.1,22.76609943,30.50657324
22.2795358,12.47861875,68.34834835,4.068,4.251463,94.9,22.78278278,30.52892893
22.36849254,12.51845659,68.3983984,4.068,4.251463,94.9,22.79946613,30.55128462
22.45794631,12.55848507,68.44844845,4.0734,4.231679,94.9,22.81614948,30.57364031
22.54790068,12.59870538,68.4984985,4.0734,4.231679,94.9,22.83283283,30.595996
22.63835925,12.63911877,68.54854855,4.0734,4.231679,94.9,22.84951618,30.61835169
22.72932567,12.67972647,68.5985986,4.1373,4.173511,94.9,22.86619953,30.64070737
22.82080358,12.72052972,68.64864865,4.1373,4.173511,94.9,22.88288288,30.66306306
22.91279671,12.76152979,68.6986987,4.1373,4.173511,94.9,22.89956623,30.68541875
23.00530877,12.80272793,68.74874875,4.1331,4.143929,93.4,22.91624958,30.70777444
23.09834354,12.84412542,68.7987988,4.1331,4.143929,93.4,22.93293293,30.73013013
23.19190481,12.88572356,68.84884885,4.0945,4.055406,90.7,22.94961628,30.75248582
23.28599641,12.92752363,68.8988989,4.0945,4.055406,90.7,22.96629963,30.77484151
23.38062222,12.96952695,68.94894895,4.0996,4.094118,92.2,22.98298298,30.7971972
23.47578613,13.01173483,68.998999,4.0978,4.042206,91.2,22.99966633,30.81955289
23.57149208,13.05414861,69.04904905,4.0978,4.042206,91.2,23.01634968,30.84190858
23.66774404,13.09676961,69.0990991,4.108,4.032393,91.2,23.03303303,30.86426426
23.76454602,13.1395992,69.14914915,4.108,4.032393,91.2,23.04971638,30.88661995
23.86190206,13.18263873,69.1991992,4.1458,3.874464,88.3,23.06639973,30.90897564
23.95981624,13.22588959,69.24924925,4.1458,3.874464,88.3,23.08308308,30.93133133
24.05829267,13.26935314,69.2992993,4.1458,3.874464,88.3,23.09976643,30.95368702
24.15733552,13.31303079,69.34934935,4.0558,3.861348,88.3,23.11644978,30.97604271
24.25694897,13.35692394,69.3993994,4.0558,3.861348,88.3,23.13313313,30.9983984
24.35713724,13.40103401,69.44944945,4.0291,3.871116,88.3,23.14981648,31.02075409
24.45790462,13.44536244,69.4994995,4.0291,3.863,88.3,23.16649983,31.04310978
24.55925539,13.48991066,69.54954955,3.7798,3.605848,80.2,23.18318318,31.06546547
24.66119391,13.53468012,69.5995996,3.7798,3.597048,80.2,23.19986653,31.08782115
24.76372456,13.57967231,69.64964965,3.6954,3.50496,75.5,23.21654988,31.11017684
24.86685177,13.62488868,69.6996997,3.6954,3.50496,75.5,23.23323323,31.13253253
24.97058,13.67033073,69.74974975,3.6954,3.50496,75.5,23.24991658,31.15488822
25.07491376,13.71599997,69.7997998,3.6954,3.50496,75.5,23.26659993,31.17724391
25.17985759,13.7618979,69.84984985,3.6954,3.50496,75.5,23.28328328,31.1995996
25.28541608,13.80802607,69.8998999,3.67,3.426163,72.9,23.29996663,31.22195529
25.39159386,13.854386,69.94994995,3.67,3.426163,72.6,23.31664998,31.24431098
25.49839562,13.90097925,70,3.67,3.426163,72.6,23.33333333,31.26666667
